CustomerID,TransactionID,Date,Product,Amount
CUST2693,T912708,2024-01-01,Formal Shoes,6233.31
CUST2422,T332123,2024-01-03,Belt,7758.2
CUST2325,T506592,2024-01-03,Kurti,7635.08
CUST2495,T534498,2024-01-05,Blazer,6894.66
CUST2659,T491508,2024-01-07,Formal Shoes,3992.95
CUST2629,T318375,2024-01-09,Belt,3033.33
CUST2794,T486264,2024-01-12,Kurti,8956.57
CUST2563,T814567,2024-01-12,Jeans,5163.76
CUST2422,T533385,2024-01-14,Cap,8498.29
CUST2536,T814413,2024-01-17,Cap,4370.92
CUST2563,T784583,2024-01-18,Blazer,7132.12
CUST2553,T603897,2024-01-23,Kurti,4136.72
CUST2439,T569375,2024-01-28,Blazer,5484.56
CUST2604,T454608,2024-01-28,Dress,4396.46
CUST2039,T406751,2024-01-31,Cap,7822.25
CUST2096,T783588,2024-01-31,Kurti,4253.23
CUST2402,T966539,2024-01-31,Blazer,3023.02
CUST2693,T402742,2024-02-01,Kurti,7374.2
CUST2174,T243222,2024-02-02,Formal Shoes,3956.35
CUST2424,T938683,2024-02-03,Lawn Suit,4519.83
CUST2325,T930136,2024-02-03,Formal Shoes,6505.71
CUST2627,T941018,2024-02-03,Saree,6163.94
CUST2754,T161672,2024-02-07,Saree,4556.11
CUST2225,T682075,2024-02-08,Saree,3472.27
CUST2629,T947009,2024-02-09,Cap,7913.22
CUST2159,T676529,2024-02-11,Sneakers,3898.91
CUST2584,T313313,2024-02-13,Jeans,5015.32
CUST2495,T153968,2024-02-14,Formal Shoes,4187.71
CUST2325,T605973,2024-02-15,Dress,4799.89
CUST2422,T673632,2024-02-16,Dress,6926.8
CUST2039,T404575,2024-02-16,Dress,5055.3
CUST2552,T273610,2024-02-16,Sneakers,6278.68
CUST2596,T289316,2024-02-17,Kurti,7942.91
CUST2264,T806355,2024-02-17,Belt,5269.82
CUST2691,T955701,2024-02-18,Lawn Suit,8227.97
CUST2749,T832335,2024-02-19,Saree,3623.74
CUST2225,T956396,2024-02-19,Formal Shoes,4751.85
CUST2067,T299404,2024-02-20,Jeans,4979.08
CUST2174,T827884,2024-02-21,Watch,5587.45
CUST2659,T211783,2024-02-22,Lawn Suit,7907.55
CUST2383,T129935,2024-02-22,Kurti,3715.92
CUST2563,T892944,2024-02-29,Jeans,8361.06
CUST2174,T411453,2024-03-01,Saree,5121.73
CUST2370,T423942,2024-03-02,Blazer,7642.58
CUST2596,T167874,2024-03-03,Watch,4095.86
CUST2096,T543851,2024-03-03,Sneakers,5408.54
CUST2032,T341729,2024-03-04,Belt,3719.23
CUST2536,T518448,2024-03-05,Sneakers,6639.47
CUST2758,T548429,2024-03-06,Jeans,5895.91
CUST2794,T745491,2024-03-07,Blazer,5782.07
CUST2039,T342001,2024-03-08,Belt,6758.66
CUST2584,T665848,2024-03-11,Handbag,3412.32
CUST2218,T705195,2024-03-11,Jeans,4539.33
CUST2604,T939806,2024-03-13,Saree,7172.82
CUST2754,T270305,2024-03-14,Watch,5625.65
CUST2112,T700781,2024-03-14,Saree,6468.42
CUST2205,T119656,2024-03-15,Lawn Suit,5040.26
CUST2627,T266311,2024-03-16,Handbag,4067.53
CUST2495,T219593,2024-03-17,Formal Shoes,2975.03
CUST2402,T918029,2024-03-17,Lawn Suit,5958.04
CUST2629,T167522,2024-03-18,Lawn Suit,6317.05
CUST2112,T486114,2024-03-19,Lawn Suit,3989.83
CUST2439,T981376,2024-03-19,Watch,3555.58
CUST2659,T533366,2024-03-20,Kurti,3152.4
CUST2383,T835547,2024-03-20,Jeans,5106.37
CUST2553,T309801,2024-03-22,Sneakers,8891.83
CUST2024,T275657,2024-03-23,Saree,5678.55
CUST2422,T716529,2024-03-23,Watch,8205.56
CUST2554,T516248,2024-03-24,Kurti,8574.08
CUST2552,T794783,2024-03-24,Saree,8398.83
CUST2159,T410486,2024-03-24,Kurti,3174.09
CUST2370,T614171,2024-03-25,Saree,6108.4
CUST2402,T314009,2024-03-27,Formal Shoes,6371.64
CUST2218,T414974,2024-03-29,Saree,6513.67
CUST2424,T500361,2024-03-31,Jeans,4786.33
CUST2693,T290512,2024-03-31,Belt,5027.6
CUST2205,T488508,2024-04-01,Saree,7981.4
CUST2725,T824894,2024-04-01,Handbag,7530.86
CUST2225,T665591,2024-04-03,Jeans,4610.92
CUST2754,T577380,2024-04-04,Saree,7297.09
CUST2749,T375055,2024-04-05,Cap,8815.76
CUST2659,T719947,2024-04-05,Dress,5724.83
CUST2383,T750128,2024-04-05,Blazer,7410.5
CUST2244,T734822,2024-04-06,Lawn Suit,7815.76
CUST2024,T545321,2024-04-06,Jeans,5066.3
CUST2205,T656928,2024-04-08,Saree,2713.88
CUST2603,T173789,2024-04-08,Kurti,9277.65
CUST2563,T779121,2024-04-08,Jeans,4995.2
CUST2039,T309201,2024-04-09,Saree,8579.53
CUST2495,T806229,2024-04-10,Cap,2890.62
CUST2067,T389215,2024-04-11,Cap,4895.57
CUST2370,T897707,2024-04-11,Blazer,4502.42
CUST2225,T187308,2024-04-13,Dress,4140.17
CUST2325,T539515,2024-04-13,Belt,8611.62
CUST2264,T379234,2024-04-14,Cap,4721.29
CUST2536,T579443,2024-04-15,Saree,6668.37
CUST2185,T160361,2024-04-15,Sneakers,3575.89
CUST2584,T110466,2024-04-16,Dress,8966.83
CUST2691,T733309,2024-04-17,Jeans,7503.19
CUST2495,T300539,2024-04-17,Blazer,6813.86
CUST2749,T977380,2024-04-17,Sneakers,5605.15
CUST2725,T673613,2024-04-18,Handbag,3393.27
CUST2439,T672764,2024-04-18,Handbag,3505.2
CUST2627,T810004,2024-04-19,Watch,6376.32
CUST2775,T144181,2024-04-19,Saree,2731.34
CUST2112,T168777,2024-04-21,Saree,6858.6
CUST2758,T527077,2024-04-22,Formal Shoes,3460.45
CUST2209,T797244,2024-04-22,Belt,9294.46
CUST2659,T788614,2024-04-23,Formal Shoes,6925.73
CUST2431,T582468,2024-04-23,Jeans,7892.3
CUST2174,T718287,2024-04-24,Sneakers,4527.18
CUST2662,T165485,2024-04-24,Watch,7433.73
CUST2553,T779724,2024-04-25,Blazer,5711.16
CUST2739,T812375,2024-04-25,Belt,6323.41
CUST2604,T815341,2024-04-25,Sneakers,4258.34
CUST2225,T157106,2024-04-25,Saree,8208.29
CUST2096,T731584,2024-04-26,Kurti,4590.25
CUST2629,T754885,2024-04-26,Kurti,3122.97
CUST2032,T504339,2024-04-26,Cap,7942.1
CUST2596,T236855,2024-04-28,Handbag,5472.68
CUST2584,T960733,2024-04-30,Kurti,4085.97
CUST2794,T853180,2024-04-30,Watch,4033.79
CUST2402,T555051,2024-05-03,Kurti,7444.0
CUST2754,T350877,2024-05-05,Handbag,7583.22
CUST2225,T267572,2024-05-05,Watch,5823.57
CUST2603,T748222,2024-05-05,Jeans,3234.69
CUST2691,T822870,2024-05-08,Formal Shoes,6751.88
CUST2370,T849544,2024-05-09,Kurti,6672.1
CUST2422,T423970,2024-05-13,Cap,6421.85
CUST2552,T912549,2024-05-15,Watch,7669.11
CUST2563,T256490,2024-05-15,Lawn Suit,10967.95
CUST2159,T841091,2024-05-15,Sneakers,3171.56
CUST2584,T262496,2024-05-16,Lawn Suit,4085.25
CUST2063,T280696,2024-05-16,Sneakers,6583.67
CUST2209,T150134,2024-05-16,Handbag,4466.47
CUST2424,T267367,2024-05-18,Belt,3172.1
CUST2775,T290421,2024-05-19,Formal Shoes,7330.42
CUST2552,T834865,2024-05-20,Blazer,4814.92
CUST2024,T991039,2024-05-21,Jeans,7515.14
CUST2218,T949151,2024-05-21,Jeans,6510.4
CUST2079,T409123,2024-05-21,Saree,5643.63
CUST2788,T881491,2024-05-21,Watch,5998.56
CUST2554,T244009,2024-05-22,Saree,8131.3
CUST2185,T790169,2024-05-22,Kurti,6608.18
CUST2159,T132484,2024-05-22,Lawn Suit,5093.69
CUST2763,T902906,2024-05-23,Blazer,5919.32
CUST2325,T498274,2024-05-23,Kurti,3251.73
CUST2693,T226792,2024-05-23,Dress,3393.2
CUST2383,T322389,2024-05-23,Saree,4582.24
CUST2174,T342049,2024-05-25,Lawn Suit,8205.09
CUST2194,T822316,2024-05-25,Jeans,3986.34
CUST2596,T748687,2024-05-27,Handbag,4846.96
CUST2218,T736787,2024-05-27,Handbag,9036.58
CUST2753,T929066,2024-05-28,Cap,7553.63
CUST2205,T613134,2024-05-29,Cap,7273.52
CUST2536,T940120,2024-05-29,Watch,4396.49
CUST2402,T271118,2024-05-29,Formal Shoes,7926.1
CUST2739,T439678,2024-05-30,Saree,3931.96
CUST2067,T858416,2024-05-30,Belt,7506.51
CUST2659,T378430,2024-05-30,Formal Shoes,6911.31
CUST2422,T243133,2024-05-31,Kurti,6720.5
CUST2749,T172628,2024-06-01,Watch,7755.74
CUST2112,T835260,2024-06-01,Saree,8308.08
CUST2725,T181420,2024-06-01,Saree,4678.5
CUST2244,T500005,2024-06-01,Jeans,3480.45
CUST2264,T108200,2024-06-02,Saree,5229.2
CUST2603,T805444,2024-06-03,Kurti,8256.42
CUST2039,T999707,2024-06-04,Saree,7050.47
CUST2159,T765227,2024-06-05,Jeans,3975.26
CUST2648,T446562,2024-06-05,Lawn Suit,4929.32
CUST2185,T664658,2024-06-06,Handbag,5328.75
CUST2495,T525690,2024-06-06,Formal Shoes,3593.69
CUST2262,T351859,2024-06-07,Formal Shoes,6327.9
CUST2693,T667030,2024-06-08,Dress,5167.46
CUST2402,T249524,2024-06-08,Dress,3071.3
CUST2032,T563140,2024-06-09,Watch,7416.75
CUST2627,T530494,2024-06-10,Belt,7954.56
CUST2431,T518330,2024-06-10,Belt,3323.41
CUST2758,T571800,2024-06-11,Handbag,6905.16
CUST2763,T206910,2024-06-11,Watch,8376.92
CUST2439,T929197,2024-06-11,Saree,8730.13
CUST2604,T812151,2024-06-11,Lawn Suit,8136.44
CUST2370,T147806,2024-06-12,Cap,6539.02
CUST2096,T174708,2024-06-13,Cap,6356.78
CUST2187,T554944,2024-06-14,Jeans,8576.69
CUST2629,T348113,2024-06-15,Kurti,6458.51
CUST2725,T212243,2024-06-16,Lawn Suit,7445.24
CUST2553,T167910,2024-06-18,Sneakers,7566.99
CUST2402,T999618,2024-06-20,Cap,7186.57
CUST2435,T854339,2024-06-20,Kurti,5660.69
CUST2662,T340926,2024-06-20,Belt,6422.04
CUST2424,T134080,2024-06-21,Blazer,8321.2
CUST2749,T447947,2024-06-21,Saree,7317.36
CUST2563,T466820,2024-06-21,Watch,6705.09
CUST2691,T233106,2024-06-23,Dress,3111.27
CUST2225,T895550,2024-06-23,Handbag,8695.41
CUST2629,T540124,2024-06-25,Saree,4037.58
CUST2422,T942263,2024-06-25,Watch,4043.96
CUST2725,T921270,2024-06-27,Dress,5147.94
CUST2672,T585458,2024-06-27,Saree,4245.19
CUST2063,T659907,2024-06-27,Handbag,3867.26
CUST2794,T937697,2024-06-27,Belt,3651.63
CUST2435,T664209,2024-06-28,Belt,4253.54
CUST2246,T163499,2024-06-29,Formal Shoes,4345.92
CUST2754,T894983,2024-06-29,Lawn Suit,8261.45
CUST2739,T894712,2024-06-30,Watch,5605.83
CUST2262,T375399,2024-06-30,Sneakers,6700.4
CUST2775,T881305,2024-07-01,Blazer,7119.7
CUST2604,T252795,2024-07-01,Formal Shoes,9043.84
CUST2187,T982755,2024-07-01,Dress,8405.16
CUST2352,T860967,2024-07-01,Lawn Suit,6019.26
CUST2090,T492607,2024-07-02,Dress,4277.32
CUST2096,T555063,2024-07-02,Cap,7504.28
CUST2659,T451982,2024-07-04,Belt,3232.41
CUST2691,T304296,2024-07-04,Saree,7484.6
CUST2114,T729887,2024-07-05,Saree,4359.33
CUST2584,T726628,2024-07-05,Sneakers,4572.63
CUST2596,T641672,2024-07-05,Handbag,7550.28
CUST2205,T411577,2024-07-05,Sneakers,8142.14
CUST2788,T413401,2024-07-05,Blazer,6715.9
CUST2531,T175056,2024-07-05,Kurti,6244.64
CUST2627,T168995,2024-07-05,Blazer,4159.65
CUST2209,T171186,2024-07-06,Formal Shoes,8895.52
CUST2067,T954628,2024-07-06,Blazer,5153.44
CUST2325,T531457,2024-07-07,Cap,3126.75
CUST2495,T661853,2024-07-08,Formal Shoes,3989.18
CUST2648,T374094,2024-07-09,Belt,8396.8
CUST2728,T942018,2024-07-09,Sneakers,5624.88
CUST2775,T931929,2024-07-09,Dress,6490.62
CUST2024,T582022,2024-07-10,Kurti,6171.91
CUST2749,T363567,2024-07-10,Formal Shoes,9258.71
CUST2234,T702943,2024-07-11,Watch,9357.14
CUST2218,T844797,2024-07-11,Sneakers,5765.15
CUST2604,T813006,2024-07-11,Lawn Suit,5570.67
CUST2554,T181056,2024-07-12,Kurti,8419.53
CUST2794,T907823,2024-07-12,Kurti,4122.83
CUST2552,T479650,2024-07-12,Saree,8213.53
CUST2402,T929993,2024-07-12,Handbag,4780.98
CUST2021,T811375,2024-07-13,Watch,7639.33
CUST2383,T446862,2024-07-13,Saree,9985.01
CUST2775,T542499,2024-07-14,Formal Shoes,5173.12
CUST2693,T177710,2024-07-14,Jeans,8983.57
CUST2728,T377289,2024-07-14,Saree,3636.86
CUST2159,T773118,2024-07-14,Lawn Suit,6658.66
CUST2244,T730796,2024-07-14,Kurti,5622.82
CUST2422,T450027,2024-07-15,Belt,7000.29
CUST2763,T533371,2024-07-15,Lawn Suit,3694.66
CUST2435,T378971,2024-07-16,Cap,7026.26
CUST2662,T513733,2024-07-16,Handbag,6475.55
CUST2648,T479045,2024-07-16,Sneakers,4246.54
CUST2753,T628825,2024-07-17,Sneakers,7611.62
CUST2536,T701303,2024-07-17,Handbag,5068.05
CUST2194,T725295,2024-07-17,Saree,5710.28
CUST2112,T602854,2024-07-17,Cap,4398.1
CUST2352,T686402,2024-07-18,Belt,8804.94
CUST2021,T198195,2024-07-18,Formal Shoes,7225.65
CUST2079,T362099,2024-07-19,Belt,9953.4
CUST2225,T992500,2024-07-19,Kurti,3788.48
CUST2554,T699509,2024-07-21,Handbag,5708.03
CUST2370,T103434,2024-07-21,Watch,4926.98
CUST2328,T805623,2024-07-21,Jeans,6048.32
CUST2728,T269746,2024-07-21,Sneakers,9027.35
CUST2739,T288016,2024-07-21,Blazer,6264.48
CUST2470,T533310,2024-07-22,Blazer,7620.93
CUST2791,T176294,2024-07-22,Dress,3129.85
CUST2174,T372223,2024-07-23,Kurti,4462.52
CUST2039,T619521,2024-07-23,Jeans,5167.8
CUST2383,T186885,2024-07-24,Kurti,8203.36
CUST2079,T218103,2024-07-24,Lawn Suit,7575.57
CUST2032,T707726,2024-07-25,Blazer,3743.88
CUST2265,T320562,2024-07-26,Watch,9660.22
CUST2246,T510591,2024-07-27,Blazer,5257.39
CUST2185,T626583,2024-07-27,Sneakers,3863.54
CUST2063,T227690,2024-07-28,Handbag,10569.15
CUST2431,T810056,2024-07-28,Jeans,5860.47
CUST2553,T909371,2024-07-28,Blazer,5497.17
CUST2090,T240686,2024-07-28,Watch,8704.81
CUST2439,T258768,2024-07-29,Kurti,8282.08
CUST2691,T382751,2024-07-29,Jeans,8917.63
CUST2536,T101481,2024-07-30,Saree,4325.4
CUST2693,T400262,2024-07-30,Blazer,5809.03
CUST2603,T860868,2024-07-30,Dress,8380.64
CUST2264,T217333,2024-07-31,Dress,8568.11
CUST2435,T910791,2024-07-31,Watch,6668.59
CUST2495,T837682,2024-08-01,Dress,7561.26
CUST2234,T554128,2024-08-01,Sneakers,8068.39
CUST2791,T219206,2024-08-01,Sneakers,2961.66
CUST2395,T360486,2024-08-03,Kurti,6109.63
CUST2754,T384276,2024-08-03,Dress,3706.95
CUST2648,T583991,2024-08-03,Saree,4917.36
CUST2758,T452215,2024-08-04,Jeans,4000.77
CUST2604,T825285,2024-08-04,Saree,7936.59
CUST2246,T218942,2024-08-04,Dress,5976.11
CUST2536,T498388,2024-08-05,Formal Shoes,8448.45
CUST2021,T106855,2024-08-06,Belt,8915.05
CUST2234,T557310,2024-08-07,Dress,3405.75
CUST2788,T655282,2024-08-08,Dress,9019.16
CUST2209,T785176,2024-08-08,Handbag,8632.81
CUST2096,T197990,2024-08-09,Handbag,6257.77
CUST2749,T184590,2024-08-09,Jeans,3252.22
CUST2099,T714571,2024-08-09,Dress,7385.87
CUST2791,T244810,2024-08-09,Blazer,3964.66
CUST2763,T277200,2024-08-12,Blazer,5453.36
CUST2554,T406804,2024-08-12,Handbag,2901.93
CUST2629,T708197,2024-08-12,Watch,3751.07
CUST2753,T217900,2024-08-14,Dress,6710.94
CUST2725,T975543,2024-08-14,Jeans,5493.03
CUST2063,T971865,2024-08-14,Lawn Suit,7332.96
CUST2174,T832049,2024-08-15,Jeans,6239.59
CUST2563,T215607,2024-08-15,Handbag,7776.48
CUST2424,T664342,2024-08-15,Dress,3858.08
CUST2775,T810761,2024-08-16,Saree,7589.27
CUST2788,T166638,2024-08-18,Cap,6468.0
CUST2325,T520791,2024-08-18,Dress,3452.75
CUST2225,T968421,2024-08-18,Kurti,6966.28
CUST2672,T417386,2024-08-19,Saree,4721.58
CUST2604,T328657,2024-08-19,Belt,6419.18
CUST2067,T971876,2024-08-19,Kurti,7713.34
CUST2187,T639703,2024-08-21,Watch,8445.6
CUST2659,T761368,2024-08-21,Formal Shoes,5544.61
CUST2262,T919517,2024-08-21,Lawn Suit,7873.71
CUST2369,T903101,2024-08-21,Watch,3220.72
CUST2112,T546647,2024-08-21,Handbag,4651.59
CUST2021,T741163,2024-08-21,Formal Shoes,6828.52
CUST2439,T996773,2024-08-23,Formal Shoes,4731.49
CUST2553,T662920,2024-08-23,Kurti,5794.45
CUST2749,T827950,2024-08-23,Jeans,4721.1
CUST2383,T120343,2024-08-24,Jeans,4489.99
CUST2194,T665183,2024-08-24,Blazer,7388.46
CUST2552,T659052,2024-08-24,Dress,7259.31
CUST2531,T530050,2024-08-24,Formal Shoes,8877.41
CUST2627,T382711,2024-08-25,Jeans,9280.23
CUST2470,T889444,2024-08-25,Handbag,9269.58
CUST2192,T257087,2024-08-26,Dress,6018.41
CUST2328,T496495,2024-08-26,Kurti,9006.56
CUST2739,T885268,2024-08-26,Watch,8024.48
CUST2693,T330330,2024-08-27,Handbag,4641.54
CUST2422,T110216,2024-08-28,Saree,6159.29
CUST2039,T652371,2024-08-28,Lawn Suit,6129.3
CUST2662,T274930,2024-08-28,Saree,9216.22
CUST2629,T309600,2024-08-29,Jeans,4918.5
CUST2424,T717506,2024-08-29,Dress,6256.77
CUST2205,T546382,2024-08-29,Handbag,6641.29
CUST2791,T414071,2024-08-29,Watch,7181.16
CUST2024,T331011,2024-08-29,Cap,6592.22
CUST2067,T129405,2024-08-30,Saree,6896.31
CUST2244,T358296,2024-08-30,Saree,6504.58
CUST2185,T719140,2024-08-30,Cap,4218.87
CUST2625,T862435,2024-08-31,Cap,3891.79
CUST2596,T858132,2024-08-31,Watch,5449.12
CUST2194,T584277,2024-08-31,Sneakers,6491.84
CUST2431,T910197,2024-08-31,Jeans,4758.47
CUST2225,T464997,2024-09-01,Kurti,4719.98
CUST2114,T837522,2024-09-01,Formal Shoes,5989.04
CUST2325,T691898,2024-09-01,Sneakers,7613.86
CUST2794,T803457,2024-09-01,Jeans,3855.59
CUST2395,T155465,2024-09-01,Belt,9165.16
CUST2402,T241713,2024-09-02,Formal Shoes,3784.56
CUST2728,T239011,2024-09-02,Blazer,5960.6
CUST2584,T316200,2024-09-02,Belt,4001.59
CUST2244,T396313,2024-09-04,Kurti,3359.78
CUST2725,T530316,2024-09-04,Kurti,10022.79
CUST2648,T426079,2024-09-04,Sneakers,5379.28
CUST2096,T597654,2024-09-04,Blazer,6646.45
CUST2032,T695493,2024-09-04,Watch,7564.6
CUST2536,T401299,2024-09-06,Formal Shoes,9144.71
CUST2495,T267446,2024-09-06,Saree,3707.54
CUST2246,T461798,2024-09-06,Dress,7736.08
CUST2079,T436945,2024-09-07,Formal Shoes,4382.55
CUST2063,T627645,2024-09-07,Cap,6548.22
CUST2753,T298173,2024-09-07,Jeans,3130.85
CUST2159,T671227,2024-09-07,Sneakers,7782.84
CUST2337,T662837,2024-09-08,Jeans,4962.61
CUST2264,T552958,2024-09-08,Kurti,5019.55
CUST2779,T484078,2024-09-08,Belt,4647.66
CUST2218,T522901,2024-09-08,Cap,4262.17
CUST2370,T213970,2024-09-10,Kurti,7734.48
CUST2424,T156428,2024-09-10,Lawn Suit,7263.54
CUST2021,T889760,2024-09-11,Handbag,6874.45
CUST2185,T783453,2024-09-11,Belt,8128.51
CUST2192,T369327,2024-09-12,Handbag,6026.18
CUST2235,T227731,2024-09-13,Jeans,5906.32
CUST2090,T544961,2024-09-13,Kurti,4610.7
CUST2754,T290996,2024-09-14,Formal Shoes,6577.55
CUST2352,T841494,2024-09-14,Sneakers,8425.95
CUST2596,T134211,2024-09-14,Handbag,2960.72
CUST2435,T834723,2024-09-14,Dress,4828.8
CUST2395,T526407,2024-09-14,Kurti,8519.36
CUST2234,T148688,2024-09-14,Formal Shoes,5428.57
CUST2758,T806551,2024-09-14,Dress,8986.39
CUST2439,T761869,2024-09-16,Watch,6919.5
CUST2039,T514060,2024-09-16,Dress,5767.73
CUST2276,T499102,2024-09-17,Cap,6834.18
CUST2691,T531007,2024-09-17,Lawn Suit,7444.68
CUST2625,T724805,2024-09-17,Jeans,5818.97
CUST2672,T787276,2024-09-18,Formal Shoes,6125.89
CUST2244,T636609,2024-09-18,Cap,4582.83
CUST2629,T178777,2024-09-18,Lawn Suit,5770.62
CUST2557,T577873,2024-09-18,Sneakers,9282.93
CUST2265,T433428,2024-09-19,Handbag,3176.04
CUST2234,T764219,2024-09-19,Formal Shoes,6427.84
CUST2114,T367853,2024-09-19,Kurti,5597.97
CUST2096,T726393,2024-09-20,Handbag,10218.3
CUST2099,T271791,2024-09-20,Handbag,8197.61
CUST2404,T235746,2024-09-21,Blazer,6474.78
CUST2187,T345503,2024-09-21,Kurti,5384.83
CUST2728,T503053,2024-09-22,Lawn Suit,7359.91
CUST2159,T523450,2024-09-23,Formal Shoes,7421.34
CUST2553,T313329,2024-09-23,Blazer,7927.65
CUST2749,T653680,2024-09-23,Kurti,3426.48
CUST2032,T476196,2024-09-23,Belt,5027.43
CUST2603,T875099,2024-09-24,Belt,6226.96
CUST2754,T691326,2024-09-24,Saree,5368.65
CUST2788,T496151,2024-09-24,Formal Shoes,7657.62
CUST2235,T307121,2024-09-26,Handbag,6834.71
CUST2264,T919014,2024-09-26,Handbag,7664.48
CUST2575,T883263,2024-09-26,Sneakers,6803.27
CUST2328,T870454,2024-09-26,Watch,4584.92
CUST2739,T909623,2024-09-27,Handbag,3020.25
CUST2563,T713287,2024-09-27,Kurti,7967.31
CUST2174,T759698,2024-09-27,Lawn Suit,4000.83
CUST2553,T583231,2024-09-28,Lawn Suit,8430.13
CUST2163,T654305,2024-09-28,Cap,7738.12
CUST2209,T984804,2024-09-28,Jeans,8472.82
CUST2775,T260370,2024-09-29,Sneakers,8252.66
CUST2262,T461820,2024-09-29,Kurti,3538.69
CUST2552,T206554,2024-09-29,Dress,4645.72
CUST2763,T728080,2024-09-29,Handbag,6366.71
CUST2205,T452725,2024-09-29,Cap,7260.91
CUST2079,T354211,2024-09-30,Handbag,7058.26
CUST2604,T407434,2024-09-30,Lawn Suit,7960.5
CUST2625,T756294,2024-09-30,Lawn Suit,5237.83
CUST2246,T353829,2024-09-30,Jeans,5225.39
CUST2194,T188412,2024-10-01,Belt,4394.1
CUST2192,T637285,2024-10-01,Belt,6341.97
CUST2531,T712710,2024-10-02,Blazer,8707.88
CUST2575,T472650,2024-10-03,Cap,3953.06
CUST2694,T999254,2024-10-03,Belt,6885.11
CUST2099,T560243,2024-10-03,Watch,5747.31
CUST2369,T928011,2024-10-04,Sneakers,5984.19
CUST2725,T814578,2024-10-06,Cap,7760.41
CUST2246,T805044,2024-10-07,Kurti,3034.53
CUST2470,T363684,2024-10-08,Handbag,7513.66
CUST2753,T668840,2024-10-08,Sneakers,4722.72
CUST2112,T206374,2024-10-09,Lawn Suit,5555.04
CUST2039,T598338,2024-10-09,Sneakers,5036.05
CUST2662,T300736,2024-10-09,Sneakers,6816.41
CUST2422,T970269,2024-10-10,Watch,6922.55
CUST2554,T175285,2024-10-10,Belt,3276.87
CUST2584,T847414,2024-10-11,Kurti,4076.31
CUST2431,T661575,2024-10-12,Kurti,7609.62
CUST2402,T565128,2024-10-12,Blazer,10073.07
CUST2371,T245972,2024-10-12,Handbag,7867.19
CUST2648,T247815,2024-10-12,Watch,7284.75
CUST2627,T725437,2024-10-13,Belt,3260.19
CUST2194,T877283,2024-10-13,Belt,7441.97
CUST2439,T839675,2024-10-13,Belt,9003.69
CUST2739,T688797,2024-10-13,Watch,3996.52
CUST2395,T842799,2024-10-14,Belt,8689.88
CUST2262,T987393,2024-10-14,Kurti,3950.04
CUST2794,T282612,2024-10-14,Handbag,4535.14
CUST2328,T673344,2024-10-15,Formal Shoes,5368.83
CUST2672,T229707,2024-10-15,Watch,8620.24
CUST2659,T540531,2024-10-15,Belt,9495.82
CUST2691,T602116,2024-10-15,Kurti,9329.22
CUST2725,T168394,2024-10-15,Blazer,8991.67
CUST2754,T848180,2024-10-17,Cap,7811.19
CUST2074,T750249,2024-10-17,Cap,7522.67
CUST2753,T333512,2024-10-18,Sneakers,8873.76
CUST2625,T241669,2024-10-18,Watch,2377.15
CUST2495,T907222,2024-10-18,Blazer,6732.4
CUST2370,T459661,2024-10-18,Dress,6601.42
CUST2536,T690205,2024-10-19,Sneakers,5918.92
CUST2739,T534432,2024-10-19,Kurti,4594.8
CUST2791,T120760,2024-10-20,Jeans,9608.8
CUST2329,T323478,2024-10-20,Handbag,7891.11
CUST2185,T664480,2024-10-20,Formal Shoes,6369.41
CUST2325,T111585,2024-10-21,Watch,4477.74
CUST2424,T400475,2024-10-21,Blazer,3074.85
CUST2112,T311885,2024-10-21,Cap,4708.59
CUST2552,T251916,2024-10-21,Jeans,3261.85
CUST2383,T986499,2024-10-22,Watch,3485.09
CUST2225,T613051,2024-10-22,Jeans,3482.35
CUST2039,T388876,2024-10-22,Handbag,7263.98
CUST2435,T545859,2024-10-23,Dress,8350.8
CUST2788,T228304,2024-10-23,Handbag,8207.95
CUST2023,T517891,2024-10-23,Watch,4352.56
CUST2024,T515033,2024-10-23,Watch,2776.06
CUST2276,T348244,2024-10-23,Dress,3222.22
CUST2265,T728694,2024-10-24,Saree,3972.8
CUST2371,T826365,2024-10-25,Lawn Suit,9070.99
CUST2063,T166897,2024-10-25,Kurti,4532.83
CUST2693,T604890,2024-10-25,Jeans,8754.61
CUST2739,T310202,2024-10-26,Handbag,7252.88
CUST2067,T859339,2024-10-26,Belt,8634.66
CUST2262,T886753,2024-10-26,Dress,5664.24
CUST2244,T174507,2024-10-26,Jeans,6958.64
CUST2754,T395784,2024-10-27,Dress,8340.67
CUST2779,T420371,2024-10-27,Formal Shoes,7598.02
CUST2672,T432223,2024-10-27,Jeans,7330.34
CUST2369,T948099,2024-10-28,Dress,6735.63
CUST2728,T319517,2024-10-28,Handbag,7349.91
CUST2114,T614609,2024-10-29,Watch,7823.71
CUST2758,T831238,2024-10-30,Dress,5359.97
CUST2187,T878581,2024-10-30,Cap,7872.57
CUST2662,T439205,2024-10-30,Handbag,4194.4
CUST2194,T500557,2024-10-30,Kurti,7970.99
CUST2235,T773893,2024-10-31,Cap,7849.78
CUST2557,T272706,2024-10-31,Blazer,6363.91
CUST2788,T896869,2024-10-31,Saree,5538.6
CUST2531,T313043,2024-10-31,Dress,4766.53
CUST2747,T381965,2024-11-01,Handbag,7465.75
CUST2775,T284170,2024-11-02,Dress,7887.63
CUST2337,T684008,2024-11-02,Cap,3623.63
CUST2627,T377364,2024-11-03,Cap,5630.07
CUST2672,T780688,2024-11-03,Formal Shoes,7060.96
CUST2090,T476189,2024-11-04,Lawn Suit,5641.93
CUST2575,T843374,2024-11-04,Kurti,7785.25
CUST2021,T209053,2024-11-05,Handbag,9648.47
CUST2318,T306598,2024-11-05,Sneakers,6424.1
CUST2794,T860509,2024-11-05,Blazer,6648.95
CUST2329,T193313,2024-11-05,Formal Shoes,5238.96
CUST2187,T459445,2024-11-05,Belt,4993.85
CUST2209,T371505,2024-11-06,Dress,7903.5
CUST2290,T586773,2024-11-06,Blazer,2935.04
CUST2596,T155906,2024-11-06,Sneakers,9410.06
CUST2096,T498844,2024-11-06,Sneakers,6301.94
CUST2218,T805099,2024-11-06,Formal Shoes,6474.7
CUST2024,T270627,2024-11-07,Lawn Suit,3451.2
CUST2099,T555956,2024-11-07,Formal Shoes,5110.62
CUST2352,T441293,2024-11-07,Handbag,6481.7
CUST2185,T105878,2024-11-07,Jeans,4535.78
CUST2603,T754893,2024-11-07,Sneakers,2800.89
CUST2604,T326786,2024-11-08,Kurti,7233.73
CUST2174,T730461,2024-11-09,Formal Shoes,4132.87
CUST2680,T694225,2024-11-09,Cap,4860.15
CUST2672,T510332,2024-11-10,Jeans,4871.15
CUST2402,T740207,2024-11-10,Lawn Suit,7264.05
CUST2495,T913217,2024-11-11,Jeans,5608.84
CUST2079,T840754,2024-11-11,Blazer,5777.52
CUST2629,T180436,2024-11-11,Dress,3369.99
CUST2557,T298568,2024-11-11,Belt,8375.31
CUST2192,T655606,2024-11-11,Watch,2751.41
CUST2032,T910794,2024-11-11,Kurti,7893.14
CUST2159,T637535,2024-11-12,Watch,7357.2
CUST2763,T170447,2024-11-12,Blazer,8967.32
CUST2234,T662008,2024-11-12,Blazer,3885.27
CUST2205,T467750,2024-11-12,Dress,7495.68
CUST2163,T144205,2024-11-13,Watch,8400.66
CUST2021,T607660,2024-11-13,Lawn Suit,4354.66
CUST2395,T950465,2024-11-13,Saree,7089.6
CUST2023,T310289,2024-11-14,Sneakers,7170.26
CUST2187,T402954,2024-11-14,Sneakers,4712.69
CUST2470,T756726,2024-11-14,Dress,4515.75
CUST2246,T171764,2024-11-14,Kurti,10214.97
CUST2563,T673718,2024-11-15,Blazer,5966.73
CUST2753,T465204,2024-11-15,Belt,3997.25
CUST2099,T622757,2024-11-15,Handbag,5650.61
CUST2369,T214861,2024-11-15,Lawn Suit,6532.84
CUST2553,T953277,2024-11-15,Blazer,7795.53
CUST2114,T591557,2024-11-15,Blazer,7721.84
CUST2074,T332493,2024-11-15,Watch,5497.96
CUST2749,T776072,2024-11-15,Kurti,3711.4
CUST2067,T638643,2024-11-17,Jeans,8225.54
CUST2262,T910521,2024-11-17,Sneakers,3710.04
CUST2575,T638549,2024-11-17,Saree,5955.76
CUST2225,T498844,2024-11-17,Jeans,6595.25
CUST2424,T104107,2024-11-17,Jeans,3841.02
CUST2404,T442250,2024-11-18,Saree,7658.05
CUST2264,T351562,2024-11-18,Dress,6887.21
CUST2775,T900449,2024-11-18,Blazer,5476.65
CUST2370,T674305,2024-11-18,Cap,9643.36
CUST2112,T638521,2024-11-18,Kurti,10264.84
CUST2435,T492372,2024-11-19,Blazer,4003.7
CUST2725,T133255,2024-11-19,Jeans,5750.36
CUST2328,T800465,2024-11-19,Cap,5427.96
CUST2495,T118301,2024-11-20,Saree,9085.25
CUST2074,T781631,2024-11-20,Blazer,4823.52
CUST2186,T787681,2024-11-21,Watch,7281.71
CUST2694,T425980,2024-11-21,Cap,7807.83
CUST2179,T299554,2024-11-21,Watch,7744.19
CUST2648,T142303,2024-11-22,Watch,3387.33
CUST2063,T276200,2024-11-22,Cap,8759.33
CUST2554,T680515,2024-11-23,Dress,8489.96
CUST2276,T251780,2024-11-23,Watch,6685.72
CUST2753,T753041,2024-11-23,Sneakers,7465.32
CUST2265,T707255,2024-11-23,Blazer,3263.24
CUST2325,T188958,2024-11-23,Dress,6644.17
CUST2114,T389241,2024-11-23,Saree,7195.43
CUST2021,T379716,2024-11-24,Sneakers,5688.3
CUST2749,T953277,2024-11-25,Saree,9714.94
CUST2318,T552464,2024-11-26,Watch,6139.5
CUST2584,T533008,2024-11-27,Handbag,4012.71
CUST2627,T658438,2024-11-27,Belt,5648.38
CUST2402,T574328,2024-11-28,Kurti,6746.74
CUST2711,T338799,2024-11-28,Sneakers,3845.38
CUST2369,T353899,2024-11-28,Belt,3896.89
CUST2099,T977881,2024-11-30,Formal Shoes,4479.14
CUST2439,T206202,2024-11-30,Kurti,4510.61
CUST2728,T696612,2024-11-30,Lawn Suit,5923.72
CUST2549,T634642,2024-11-30,Formal Shoes,6699.42
CUST2262,T748798,2024-11-30,Cap,6513.48
CUST2693,T527345,2024-11-30,Watch,6475.52
CUST2235,T673414,2024-11-30,Belt,4683.41
CUST2629,T859805,2024-12-01,Formal Shoes,6361.76
CUST2747,T911733,2024-12-01,Jeans,3540.79
CUST2422,T411189,2024-12-01,Blazer,9729.16
CUST2192,T544605,2024-12-01,Sneakers,8150.78
CUST2680,T611841,2024-12-02,Formal Shoes,8372.88
CUST2326,T290639,2024-12-02,Saree,7580.09
CUST2079,T983351,2024-12-02,Belt,5169.44
CUST2739,T790023,2024-12-02,Dress,5789.26
CUST2554,T560920,2024-12-03,Handbag,3359.71
CUST2694,T300716,2024-12-04,Blazer,3568.3
CUST2244,T586345,2024-12-05,Kurti,7724.67
CUST2495,T995043,2024-12-05,Jeans,10040.1
CUST2276,T892872,2024-12-05,Watch,3452.13
CUST2531,T326193,2024-12-06,Handbag,7308.21
CUST2754,T973093,2024-12-08,Dress,5035.74
CUST2431,T120486,2024-12-08,Dress,4074.31
CUST2371,T165779,2024-12-08,Cap,3738.12
CUST2627,T607170,2024-12-09,Dress,3873.66
CUST2337,T851342,2024-12-09,Handbag,9118.79
CUST2096,T923007,2024-12-10,Kurti,6424.41
CUST2625,T149829,2024-12-10,Formal Shoes,5649.97
CUST2575,T659226,2024-12-10,Belt,6200.48
CUST2552,T380185,2024-12-11,Kurti,3233.02
CUST2024,T135282,2024-12-11,Watch,8160.72
CUST2090,T611045,2024-12-11,Kurti,3327.08
CUST2159,T260689,2024-12-12,Jeans,4911.84
CUST2174,T321832,2024-12-12,Saree,7795.34
CUST2218,T211826,2024-12-13,Watch,7124.09
CUST2196,T330006,2024-12-13,Dress,7974.48
CUST2659,T448017,2024-12-13,Formal Shoes,7348.52
CUST2754,T712292,2024-12-13,Lawn Suit,3630.91
CUST2691,T914969,2024-12-13,Belt,4303.16
CUST2557,T662330,2024-12-13,Watch,8065.16
CUST2662,T121019,2024-12-14,Watch,3798.38
CUST2431,T680867,2024-12-14,Belt,7293.12
CUST2536,T787262,2024-12-14,Blazer,7578.12
CUST2185,T167211,2024-12-14,Cap,3756.56
CUST2326,T621456,2024-12-14,Cap,3489.78
CUST2604,T694549,2024-12-15,Belt,3882.73
CUST2023,T727053,2024-12-15,Kurti,5006.85
CUST2625,T643568,2024-12-15,Jeans,4949.6
CUST2194,T646781,2024-12-16,Sneakers,5250.53
CUST2554,T459249,2024-12-16,Formal Shoes,7232.53
CUST2074,T845144,2024-12-16,Lawn Suit,6326.08
CUST2584,T431927,2024-12-17,Sneakers,6271.23
CUST2791,T743012,2024-12-18,Jeans,3242.54
CUST2209,T562719,2024-12-18,Formal Shoes,5015.18
CUST2383,T328989,2024-12-19,Cap,5701.09
CUST2352,T924181,2024-12-19,Kurti,3123.92
CUST2039,T503309,2024-12-19,Dress,8308.42
CUST2265,T440614,2024-12-19,Dress,4995.1
CUST2739,T351932,2024-12-19,Jeans,4238.7
CUST2431,T739026,2024-12-20,Saree,6793.8
CUST2264,T767390,2024-12-20,Saree,8174.35
CUST2179,T504984,2024-12-20,Blazer,6054.88
CUST2554,T637996,2024-12-21,Sneakers,7211.07
CUST2163,T918383,2024-12-21,Lawn Suit,7861.85
CUST2435,T672179,2024-12-22,Dress,8312.95
CUST2325,T579048,2024-12-22,Saree,5995.68
CUST2763,T669855,2024-12-23,Blazer,7047.96
CUST2187,T706375,2024-12-23,Lawn Suit,2952.01
CUST2680,T687788,2024-12-24,Belt,4046.95
CUST2112,T514483,2024-12-24,Saree,4217.24
CUST2383,T972485,2024-12-24,Jeans,7384.09
CUST2779,T172708,2024-12-25,Jeans,5469.6
CUST2747,T895979,2024-12-26,Dress,9569.77
CUST2186,T247491,2024-12-26,Saree,5815.68
CUST2758,T312191,2024-12-26,Cap,8518.77
CUST2225,T806569,2024-12-28,Formal Shoes,9493.19
CUST2788,T496095,2024-12-28,Saree,5838.46
CUST2470,T681201,2024-12-28,Handbag,6907.38
CUST2402,T733465,2024-12-28,Sneakers,4587.11
CUST2276,T463474,2024-12-28,Kurti,3044.91
CUST2563,T886186,2024-12-29,Watch,4998.02
CUST2369,T441129,2024-12-30,Jeans,6466.79
CUST2318,T177804,2024-12-30,Kurti,5268.81
CUST2725,T301316,2024-12-30,Watch,3963.28
CUST2098,T889810,2024-12-30,Cap,4749.49
CUST2235,T539268,2024-12-31,Saree,4763.05
CUST2617,T185342,2024-12-31,Watch,4751.58
CUST2728,T205936,2024-12-31,Kurti,3390.93
CUST2032,T583746,2025-01-01,Cap,4887.37
CUST2371,T307222,2025-01-01,Saree,6080.76
CUST2370,T332999,2025-01-01,Formal Shoes,3768.46
CUST2603,T694002,2025-01-01,Formal Shoes,6132.94
CUST2329,T424604,2025-01-01,Watch,8557.06
CUST2648,T780086,2025-01-02,Cap,6570.08
CUST2693,T528844,2025-01-02,Blazer,8636.87
CUST2099,T904692,2025-01-02,Formal Shoes,4966.31
CUST2747,T102664,2025-01-03,Saree,5371.84
CUST2794,T893079,2025-01-03,Jeans,3393.8
CUST2672,T978445,2025-01-03,Blazer,3542.3
CUST2596,T209219,2025-01-03,Blazer,5967.54
CUST2328,T394686,2025-01-03,Handbag,7501.5
CUST2495,T719418,2025-01-03,Saree,9237.85
CUST2192,T791097,2025-01-04,Sneakers,10326.04
CUST2553,T544740,2025-01-04,Lawn Suit,3292.11
CUST2290,T170936,2025-01-04,Handbag,7416.88
CUST2775,T272006,2025-01-05,Jeans,5293.14
CUST2079,T495134,2025-01-05,Belt,9561.32
CUST2753,T926398,2025-01-06,Formal Shoes,5394.68
CUST2234,T267291,2025-01-06,Dress,4192.66
CUST2205,T922239,2025-01-06,Belt,3768.97
CUST2404,T426065,2025-01-07,Dress,4683.51
CUST2329,T127462,2025-01-07,Formal Shoes,8755.72
CUST2603,T252870,2025-01-07,Handbag,5942.72
CUST2186,T266899,2025-01-08,Watch,4019.86
CUST2246,T826034,2025-01-08,Watch,5311.82
CUST2023,T371662,2025-01-09,Sneakers,5195.62
CUST2711,T692160,2025-01-09,Handbag,4736.31
CUST2536,T941596,2025-01-09,Handbag,6982.91
CUST2021,T781809,2025-01-09,Handbag,5998.2
CUST2276,T216846,2025-01-09,Watch,2512.24
CUST2758,T530683,2025-01-09,Saree,8464.59
CUST2779,T147410,2025-01-10,Kurti,5414.2
CUST2262,T320076,2025-01-10,Blazer,8288.58
CUST2424,T890934,2025-01-11,Cap,7807.45
CUST2395,T185293,2025-01-11,Saree,3156.24
CUST2096,T680013,2025-01-11,Kurti,6379.48
CUST2553,T487483,2025-01-11,Watch,5871.88
CUST2749,T682694,2025-01-11,Jeans,4726.42
CUST2067,T686016,2025-01-12,Lawn Suit,7316.14
CUST2063,T585911,2025-01-12,Sneakers,4579.48
CUST2435,T689501,2025-01-13,Lawn Suit,4461.39
CUST2402,T481916,2025-01-13,Kurti,5497.55
CUST2629,T161165,2025-01-13,Jeans,3074.68
CUST2163,T178868,2025-01-14,Formal Shoes,5155.02
CUST2114,T362110,2025-01-14,Blazer,5318.8
CUST2788,T334262,2025-01-14,Jeans,6310.32
CUST2329,T130260,2025-01-15,Cap,6839.54
CUST2549,T973034,2025-01-16,Handbag,3470.96
CUST2763,T311054,2025-01-16,Lawn Suit,4214.57
CUST2264,T478087,2025-01-16,Kurti,3739.55
CUST2557,T784069,2025-01-16,Cap,2889.73
CUST2495,T996185,2025-01-16,Handbag,6369.37
CUST2739,T667853,2025-01-17,Belt,2506.89
CUST2179,T964726,2025-01-17,Lawn Suit,9741.78
CUST2680,T197481,2025-01-17,Sneakers,6683.68
CUST2627,T832454,2025-01-18,Sneakers,4613.75
CUST2693,T147566,2025-01-19,Blazer,2450.16
CUST2584,T101728,2025-01-19,Blazer,7187.05
CUST2098,T893520,2025-01-19,Handbag,6528.75
CUST2146,T491502,2025-01-19,Watch,7524.13
CUST2352,T617664,2025-01-19,Handbag,3885.16
CUST2492,T119403,2025-01-20,Lawn Suit,804.88
CUST2159,T706820,2025-01-20,Jeans,3853.2
CUST2024,T231664,2025-01-20,Watch,6505.35
CUST2370,T175290,2025-01-20,Saree,6000.95
CUST2308,T113388,2025-01-20,Handbag,3426.31
CUST2431,T394953,2025-01-21,Jeans,6303.72
CUST2055,T381677,2025-01-21,Blazer,8003.94
CUST2422,T625104,2025-01-22,Handbag,7832.53
CUST2563,T551824,2025-01-22,Watch,3595.56
CUST2424,T694883,2025-01-22,Cap,5026.08
CUST2708,T277225,2025-01-23,Handbag,6750.28
CUST2074,T394808,2025-01-23,Saree,5885.35
CUST2694,T924693,2025-01-23,Kurti,2936.32
CUST2754,T459332,2025-01-24,Sneakers,5665.43
CUST2146,T894818,2025-01-24,Jeans,8047.69
CUST2553,T543950,2025-01-24,Lawn Suit,5380.81
CUST2039,T845796,2025-01-25,Watch,3399.31
CUST2743,T177967,2025-01-25,Cap,8525.47
CUST2439,T332184,2025-01-26,Sneakers,5094.7
CUST2196,T677469,2025-01-26,Sneakers,9249.94
CUST2112,T547414,2025-01-26,Saree,7509.85
CUST2244,T345002,2025-01-26,Blazer,6753.63
CUST2747,T523687,2025-01-27,Jeans,5163.27
CUST2355,T517982,2025-01-27,Dress,7729.34
CUST2531,T906390,2025-01-27,Watch,3095.24
CUST2098,T298208,2025-01-30,Formal Shoes,5168.78
CUST2024,T466433,2025-01-30,Jeans,9144.4
CUST2725,T677609,2025-01-30,Saree,7387.9
CUST2185,T444888,2025-01-30,Jeans,5492.74
CUST2575,T245938,2025-01-30,Saree,7212.66
CUST2112,T432957,2025-01-31,Cap,5520.7
CUST2023,T433381,2025-01-31,Belt,6283.19
CUST2021,T676739,2025-01-31,Watch,7280.62
CUST2163,T639367,2025-01-31,Cap,8022.32
CUST2371,T647292,2025-02-01,Saree,5299.58
CUST2187,T748902,2025-02-01,Cap,6773.47
CUST2552,T352088,2025-02-01,Lawn Suit,6870.63
CUST2614,T446077,2025-02-01,Blazer,6915.53
CUST2691,T856662,2025-02-02,Sneakers,7767.56
CUST2536,T271849,2025-02-02,Dress,7943.61
CUST2290,T578708,2025-02-02,Belt,4713.81
CUST2196,T665042,2025-02-02,Jeans,6928.2
CUST2791,T255437,2025-02-02,Dress,8678.36
CUST2728,T137368,2025-02-02,Belt,9477.65
CUST2174,T561406,2025-02-02,Kurti,4950.59
CUST2749,T259856,2025-02-03,Lawn Suit,3462.34
CUST2260,T403351,2025-02-03,Sneakers,5598.35
CUST2680,T115704,2025-02-03,Dress,7601.74
CUST2604,T110605,2025-02-04,Kurti,4345.91
CUST2708,T203383,2025-02-04,Formal Shoes,4297.17
CUST2794,T571509,2025-02-05,Belt,5398.99
CUST2186,T379431,2025-02-05,Formal Shoes,6552.75
CUST2337,T951718,2025-02-05,Dress,3475.3
CUST2185,T177651,2025-02-05,Watch,8762.75
CUST2262,T316219,2025-02-05,Sneakers,8886.56
CUST2055,T611605,2025-02-05,Watch,6215.9
CUST2575,T396417,2025-02-06,Lawn Suit,8183.44
CUST2194,T487830,2025-02-06,Blazer,5876.42
CUST2265,T794051,2025-02-06,Cap,7235.02
CUST2584,T387047,2025-02-06,Watch,4961.62
CUST2625,T347900,2025-02-06,Handbag,7888.93
CUST2326,T277038,2025-02-07,Belt,5923.85
CUST2218,T554492,2025-02-07,Cap,3774.63
CUST2090,T371094,2025-02-07,Sneakers,8687.05
CUST2298,T546134,2025-02-07,Watch,1787.05
CUST2648,T404416,2025-02-07,Lawn Suit,6756.3
CUST2659,T235816,2025-02-08,Belt,5914.1
CUST2325,T197873,2025-02-08,Blazer,5171.58
CUST2775,T269600,2025-02-09,Jeans,6889.14
CUST2662,T114436,2025-02-09,Handbag,8366.53
CUST2549,T741390,2025-02-09,Jeans,6041.87
CUST2235,T388929,2025-02-09,Cap,5582.69
CUST2439,T992636,2025-02-10,Sneakers,6042.15
CUST2694,T549411,2025-02-10,Blazer,4399.7
CUST2680,T637391,2025-02-10,Formal Shoes,7681.07
CUST2431,T406284,2025-02-11,Watch,5667.78
CUST2603,T757939,2025-02-11,Watch,9085.67
CUST2328,T485969,2025-02-11,Dress,5390.32
CUST2209,T958123,2025-02-11,Belt,4723.89
CUST2225,T448892,2025-02-12,Dress,5762.72
CUST2788,T255796,2025-02-12,Formal Shoes,3148.68
CUST2425,T985591,2025-02-13,Formal Shoes,850.62
CUST2617,T417921,2025-02-13,Blazer,3313.98
CUST2262,T229242,2025-02-13,Saree,9901.86
CUST2395,T900387,2025-02-14,Saree,7659.85
CUST2159,T397818,2025-02-14,Formal Shoes,3696.12
CUST2196,T840095,2025-02-14,Kurti,6525.11
CUST2329,T266002,2025-02-14,Handbag,7909.15
CUST2495,T467692,2025-02-14,Blazer,7173.62
CUST2791,T421315,2025-02-15,Cap,6921.19
CUST2739,T355553,2025-02-16,Handbag,6838.7
CUST2308,T607621,2025-02-16,Dress,4234.61
CUST2435,T855317,2025-02-16,Formal Shoes,4676.05
CUST2629,T343382,2025-02-16,Watch,7228.53
CUST2779,T745396,2025-02-16,Formal Shoes,7312.75
CUST2763,T505033,2025-02-16,Belt,4100.14
CUST2383,T765988,2025-02-17,Formal Shoes,6783.41
CUST2192,T832395,2025-02-17,Cap,2724.39
CUST2205,T579123,2025-02-17,Handbag,8122.55
CUST2096,T795018,2025-02-18,Kurti,5073.82
CUST2039,T573197,2025-02-18,Saree,6964.06
CUST2554,T154159,2025-02-18,Kurti,6307.41
CUST2672,T104246,2025-02-18,Lawn Suit,3377.77
CUST2318,T981943,2025-02-19,Cap,3917.75
CUST2596,T988814,2025-02-19,Belt,4273.0
CUST2470,T995306,2025-02-19,Sneakers,7015.75
CUST2063,T319525,2025-02-19,Belt,7792.21
CUST2662,T222050,2025-02-20,Kurti,8661.04
CUST2260,T106193,2025-02-20,Blazer,4453.02
CUST2114,T202593,2025-02-20,Belt,3409.1
CUST2369,T513339,2025-02-20,Blazer,4736.46
CUST2163,T963921,2025-02-20,Belt,5374.51
CUST2032,T111171,2025-02-21,Lawn Suit,8119.58
CUST2373,T870920,2025-02-21,Watch,2701.39
CUST2439,T128281,2025-02-21,Belt,6083.34
CUST2753,T975116,2025-02-21,Dress,5720.6
CUST2402,T440785,2025-02-22,Handbag,4062.58
CUST2355,T978756,2025-02-22,Handbag,4537.18
CUST2179,T788510,2025-02-22,Blazer,3887.84
CUST2648,T694390,2025-02-23,Watch,7694.09
CUST2244,T925818,2025-02-23,Saree,4611.54
CUST2563,T517405,2025-02-23,Belt,6810.05
CUST2584,T439768,2025-02-24,Lawn Suit,6986.49
CUST2422,T706534,2025-02-24,Saree,3106.8
CUST2603,T865800,2025-02-24,Formal Shoes,6874.39
CUST2785,T559514,2025-02-24,Sneakers,3289.46
CUST2540,T619847,2025-02-24,Kurti,2398.91
CUST2575,T707306,2025-02-25,Sneakers,3971.67
CUST2234,T989809,2025-02-25,Lawn Suit,8949.97
CUST2079,T465448,2025-02-26,Cap,8962.68
CUST2023,T766490,2025-02-26,Formal Shoes,7148.61
CUST2693,T161880,2025-02-26,Jeans,8005.96
CUST2212,T651471,2025-02-26,Cap,7135.06
CUST2352,T650948,2025-02-27,Watch,4150.67
CUST2163,T376434,2025-02-27,Formal Shoes,7155.93
CUST2186,T809783,2025-02-27,Dress,7148.31
CUST2179,T700507,2025-02-28,Dress,6822.57
CUST2209,T355488,2025-02-28,Sneakers,8874.93
CUST2763,T183934,2025-02-28,Cap,3187.03
CUST2549,T686408,2025-02-28,Handbag,3006.21
CUST2402,T783315,2025-03-01,Lawn Suit,5078.84
CUST2625,T431624,2025-03-01,Dress,2824.13
CUST2749,T660526,2025-03-01,Saree,8087.97
CUST2099,T701267,2025-03-02,Sneakers,2873.44
CUST2627,T994247,2025-03-02,Belt,4273.93
CUST2290,T821959,2025-03-03,Formal Shoes,6003.09
CUST2098,T458835,2025-03-03,Lawn Suit,7184.58
CUST2662,T449718,2025-03-03,Belt,9979.8
CUST2246,T949890,2025-03-05,Handbag,6912.64
CUST2536,T379006,2025-03-05,Belt,6589.16
CUST2557,T537007,2025-03-05,Lawn Suit,5161.12
CUST2263,T998307,2025-03-05,Belt,6750.93
CUST2265,T285565,2025-03-05,Saree,6527.3
CUST2325,T896304,2025-03-05,Kurti,6481.57
CUST2395,T487190,2025-03-06,Belt,8209.65
CUST2067,T169871,2025-03-06,Cap,4247.88
CUST2531,T206136,2025-03-06,Belt,7582.21
CUST2276,T289027,2025-03-06,Kurti,7669.56
CUST2328,T618208,2025-03-07,Jeans,6395.05
CUST2743,T426547,2025-03-07,Blazer,9798.87
CUST2370,T542399,2025-03-07,Lawn Suit,5301.13
CUST2404,T570181,2025-03-07,Formal Shoes,7788.47
CUST2344,T778989,2025-03-07,Sneakers,4681.39
CUST2218,T563251,2025-03-08,Cap,4994.21
CUST2575,T972169,2025-03-08,Blazer,8545.0
CUST2063,T665980,2025-03-08,Watch,5313.82
CUST2662,T274044,2025-03-08,Jeans,4440.47
CUST2775,T628637,2025-03-08,Cap,7930.89
CUST2671,T493007,2025-03-08,Watch,6603.58
CUST2680,T992595,2025-03-09,Saree,3483.7
CUST2758,T718561,2025-03-09,Formal Shoes,6627.09
CUST2187,T200746,2025-03-09,Sneakers,3962.77
CUST2711,T910152,2025-03-09,Cap,8047.77
CUST2454,T795549,2025-03-10,Jeans,1659.79
CUST2754,T925645,2025-03-11,Handbag,5094.35
CUST2794,T813941,2025-03-11,Sneakers,4301.51
CUST2262,T446669,2025-03-11,Blazer,7515.73
CUST2162,T971173,2025-03-12,Lawn Suit,1191.55
CUST2039,T153770,2025-03-12,Jeans,3387.18
CUST2318,T343301,2025-03-12,Jeans,5689.53
CUST2788,T502026,2025-03-12,Sneakers,6241.6
CUST2263,T451325,2025-03-13,Blazer,5980.7
CUST2074,T893617,2025-03-13,Formal Shoes,3106.2
CUST2425,T411099,2025-03-14,Dress,2638.39
CUST2264,T906653,2025-03-14,Watch,3715.96
CUST2728,T152639,2025-03-14,Saree,4524.67
CUST2383,T492916,2025-03-14,Dress,6233.64
CUST2691,T914892,2025-03-15,Formal Shoes,4763.04
CUST2531,T426554,2025-03-15,Saree,3214.87
CUST2090,T174883,2025-03-15,Sneakers,3622.18
CUST2775,T755859,2025-03-15,Sneakers,8929.6
CUST2185,T337493,2025-03-15,Saree,3833.49
CUST2747,T368705,2025-03-15,Blazer,5555.06
CUST2739,T871522,2025-03-16,Belt,3552.46
CUST2007,T539669,2025-03-16,Belt,1341.84
CUST2424,T928512,2025-03-16,Handbag,9839.85
CUST2275,T804853,2025-03-16,Cap,2171.79
CUST2276,T220279,2025-03-16,Formal Shoes,8374.22
CUST2339,T433727,2025-03-16,Dress,6890.02
CUST2686,T895425,2025-03-17,Belt,2684.99
CUST2694,T472771,2025-03-17,Watch,10617.83
CUST2492,T466671,2025-03-17,Saree,1698.18
CUST2331,T539618,2025-03-17,Dress,3183.01
CUST2792,T606802,2025-03-17,Kurti,1420.81
CUST2617,T666802,2025-03-17,Jeans,7897.12
CUST2187,T420514,2025-03-17,Watch,5606.43
CUST2725,T797503,2025-03-18,Kurti,7584.15
CUST2149,T512532,2025-03-18,Blazer,1058.7
CUST2303,T673043,2025-03-18,Kurti,2130.66
CUST2431,T671805,2025-03-18,Jeans,7608.79
CUST2328,T367853,2025-03-18,Cap,3224.0
CUST2114,T549819,2025-03-18,Dress,9780.04
CUST2419,T683386,2025-03-19,Jeans,1990.41
CUST2196,T688244,2025-03-19,Blazer,7750.59
CUST2074,T120251,2025-03-19,Formal Shoes,3573.88
CUST2395,T681142,2025-03-19,Handbag,5164.01
CUST2371,T483916,2025-03-19,Sneakers,4745.74
CUST2675,T983305,2025-03-19,Kurti,3026.28
CUST2159,T359999,2025-03-20,Handbag,4710.58
CUST2308,T383393,2025-03-20,Sneakers,7947.61
CUST2648,T763892,2025-03-20,Saree,6265.98
CUST2194,T977611,2025-03-20,Formal Shoes,6145.14
CUST2691,T389527,2025-03-20,Jeans,3340.0
CUST2266,T805532,2025-03-20,Watch,2408.35
CUST2422,T216469,2025-03-21,Lawn Suit,3475.38
CUST2146,T129867,2025-03-21,Lawn Suit,5394.75
CUST2633,T437802,2025-03-21,Formal Shoes,3589.03
CUST2112,T534561,2025-03-21,Sneakers,7339.54
CUST2575,T870474,2025-03-22,Belt,9461.32
CUST2011,T740359,2025-03-22,Saree,2737.47
CUST2021,T470008,2025-03-22,Belt,5567.8
CUST2032,T134768,2025-03-22,Watch,5177.39
CUST2024,T195582,2025-03-22,Belt,4477.74
CUST2055,T368059,2025-03-22,Belt,5560.61
CUST2321,T193636,2025-03-23,Cap,4660.15
CUST2553,T893140,2025-03-23,Saree,6236.37
CUST2023,T650407,2025-03-23,Dress,7121.2
CUST2298,T947988,2025-03-23,Kurti,1026.15
CUST2373,T270735,2025-03-24,Sneakers,2544.0
CUST2470,T588460,2025-03-24,Kurti,4353.94
CUST2495,T818142,2025-03-24,Formal Shoes,7622.25
CUST2006,T387832,2025-03-24,Handbag,3865.33
CUST2754,T559550,2025-03-24,Jeans,4844.58
CUST2749,T696079,2025-03-25,Cap,4283.95
CUST2627,T479653,2025-03-25,Lawn Suit,5323.87
CUST2244,T218763,2025-03-25,Cap,7889.73
CUST2337,T449074,2025-03-25,Sneakers,7933.6
CUST2339,T924879,2025-03-26,Belt,6598.93
CUST2554,T352614,2025-03-26,Lawn Suit,4726.82
CUST2179,T609500,2025-03-26,Blazer,6951.59
CUST2439,T348606,2025-03-26,Dress,6404.54
CUST2112,T226715,2025-03-27,Belt,8150.47
CUST2603,T348434,2025-03-27,Cap,7735.43
CUST2720,T755283,2025-03-27,Cap,6143.51
CUST2791,T399559,2025-03-27,Belt,5712.52
CUST2326,T621875,2025-03-28,Jeans,4807.68
CUST2659,T124739,2025-03-29,Belt,6459.56
CUST2747,T210905,2025-03-29,Dress,5722.99
CUST2096,T130701,2025-03-29,Dress,3618.68
CUST2057,T222581,2025-03-29,Saree,2180.42
CUST2431,T190497,2025-03-29,Handbag,5870.39
CUST2090,T545640,2025-03-29,Dress,8067.04
CUST2756,T684449,2025-03-29,Dress,4247.79
CUST2614,T372340,2025-03-30,Watch,8752.44
CUST2290,T741370,2025-03-30,Cap,7233.45
CUST2694,T922559,2025-03-30,Sneakers,6961.06
CUST2763,T202296,2025-03-30,Cap,5597.46
CUST2629,T202702,2025-03-30,Lawn Suit,4468.02
CUST2216,T577589,2025-03-31,Handbag,1609.74
CUST2604,T292479,2025-03-31,Dress,7434.67
CUST2174,T612434,2025-03-31,Kurti,7062.56
CUST2753,T838367,2025-03-31,Belt,6327.54
CUST2552,T318792,2025-03-31,Dress,11658.41
CUST2383,T316998,2025-03-31,Formal Shoes,5086.8
CUST2739,T192107,2025-03-31,Lawn Suit,8541.41
CUST2099,T282355,2025-03-31,Saree,7112.81
CUST2235,T889048,2025-04-01,Kurti,6338.91
CUST2708,T122044,2025-04-01,Handbag,6515.02
CUST2276,T869727,2025-04-01,Watch,9588.69
CUST2039,T679045,2025-04-01,Saree,3022.36
CUST2712,T391222,2025-04-01,Sneakers,2010.27
CUST2397,T917770,2025-04-01,Dress,7083.09
CUST2439,T994089,2025-04-02,Jeans,4486.31
CUST2195,T441652,2025-04-02,Formal Shoes,2725.02
CUST2192,T664650,2025-04-02,Watch,4178.2
CUST2794,T660824,2025-04-02,Sneakers,3319.46
CUST2344,T331932,2025-04-02,Kurti,7271.85
CUST2337,T363773,2025-04-03,Dress,8835.64
CUST2369,T254113,2025-04-03,Kurti,5460.95
CUST2424,T658593,2025-04-04,Belt,6947.47
CUST2163,T387254,2025-04-04,Lawn Suit,3657.47
CUST2325,T230010,2025-04-04,Handbag,9419.07
CUST2067,T411234,2025-04-04,Saree,7829.15
CUST2155,T374343,2025-04-05,Blazer,2449.19
CUST2779,T961725,2025-04-05,Handbag,6374.96
CUST2071,T131626,2025-04-06,Kurti,3854.47
CUST2186,T649503,2025-04-06,Formal Shoes,3106.31
CUST2584,T100813,2025-04-06,Cap,7403.8
CUST2371,T239073,2025-04-06,Blazer,5715.68
CUST2265,T526000,2025-04-06,Kurti,5098.61
CUST2575,T121563,2025-04-07,Lawn Suit,5689.78
CUST2596,T767984,2025-04-07,Blazer,6845.88
CUST2196,T926215,2025-04-07,Blazer,3044.5
CUST2246,T606102,2025-04-07,Handbag,3997.98
CUST2603,T827001,2025-04-07,Saree,6467.09
CUST2672,T602375,2025-04-07,Blazer,5517.08
CUST2753,T913211,2025-04-07,Lawn Suit,3220.04
CUST2749,T773647,2025-04-07,Blazer,5254.32
CUST2039,T329452,2025-04-08,Belt,4077.77
CUST2693,T938834,2025-04-08,Kurti,3657.12
CUST2396,T236883,2025-04-08,Saree,927.11
CUST2275,T486037,2025-04-08,Kurti,2572.98
CUST2225,T827136,2025-04-09,Dress,8973.85
CUST2683,T144151,2025-04-09,Blazer,915.45
CUST2329,T820633,2025-04-09,Blazer,4011.25
CUST2011,T522344,2025-04-09,Handbag,3273.97
CUST2218,T412343,2025-04-10,Sneakers,7518.37
CUST2623,T725926,2025-04-10,Sneakers,3183.01
CUST2067,T321476,2025-04-11,Sneakers,6411.27
CUST2369,T800035,2025-04-11,Handbag,3866.67
CUST2098,T618425,2025-04-11,Formal Shoes,3271.88
CUST2454,T198295,2025-04-11,Lawn Suit,3928.43
CUST2209,T588892,2025-04-11,Lawn Suit,7634.88
CUST2615,T170209,2025-04-11,Blazer,2786.04
CUST2554,T535176,2025-04-11,Blazer,6923.16
CUST2501,T348448,2025-04-11,Lawn Suit,2882.89
CUST2079,T658536,2025-04-12,Sneakers,6180.64
CUST2653,T934036,2025-04-12,Saree,1865.85
CUST2756,T452705,2025-04-12,Kurti,7172.93
CUST2561,T301194,2025-04-12,Cap,4802.08
CUST2563,T664685,2025-04-13,Belt,6534.52
CUST2101,T409903,2025-04-13,Kurti,1549.68
CUST2447,T467124,2025-04-13,Blazer,3113.57
CUST2192,T322741,2025-04-13,Kurti,7953.02
CUST2435,T527298,2025-04-13,Formal Shoes,8114.97
CUST2552,T956179,2025-04-13,Kurti,3427.82
CUST2212,T267215,2025-04-14,Formal Shoes,7506.6
CUST2235,T985391,2025-04-14,Watch,7965.5
CUST2090,T770059,2025-04-14,Jeans,8852.28
CUST2516,T770992,2025-04-14,Dress,8248.44
CUST2470,T134413,2025-04-14,Saree,3733.3
CUST2549,T859952,2025-04-15,Formal Shoes,4980.33
CUST2603,T584186,2025-04-15,Belt,3175.95
CUST2216,T129591,2025-04-15,Lawn Suit,1331.58
CUST2187,T999114,2025-04-15,Cap,9723.44
CUST2260,T720372,2025-04-15,Formal Shoes,7352.36
CUST2498,T896219,2025-04-15,Lawn Suit,2090.44
CUST2554,T629665,2025-04-16,Handbag,4549.97
CUST2743,T798691,2025-04-16,Lawn Suit,5341.96
CUST2403,T714603,2025-04-16,Saree,2902.98
CUST2758,T327424,2025-04-16,Blazer,7937.92
CUST2625,T949991,2025-04-16,Saree,9672.19
CUST2021,T471929,2025-04-16,Jeans,7355.06
CUST2791,T903306,2025-04-17,Lawn Suit,6071.27
CUST2262,T131164,2025-04-17,Blazer,3316.75
CUST2770,T865636,2025-04-17,Watch,1988.99
CUST2114,T102915,2025-04-17,Watch,4287.82
CUST2149,T721256,2025-04-17,Dress,2499.05
CUST2205,T490616,2025-04-17,Saree,9619.55
CUST2633,T481380,2025-04-17,Belt,3778.6
CUST2055,T188986,2025-04-17,Jeans,8518.12
CUST2617,T801531,2025-04-18,Belt,6162.62
CUST2108,T589761,2025-04-18,Belt,2604.16
CUST2671,T397444,2025-04-18,Jeans,9141.04
CUST2648,T703029,2025-04-19,Blazer,3516.48
CUST2720,T234311,2025-04-19,Lawn Suit,6187.71
CUST2137,T139346,2025-04-19,Cap,2792.81
CUST2540,T929263,2025-04-19,Formal Shoes,1140.72
CUST2739,T660973,2025-04-20,Formal Shoes,9791.23
CUST2063,T153257,2025-04-20,Blazer,8364.1
CUST2397,T184761,2025-04-20,Jeans,4649.44
CUST2023,T363166,2025-04-21,Sneakers,6914.78
CUST2615,T430361,2025-04-21,Dress,3094.87
CUST2058,T366116,2025-04-21,Watch,2757.3
CUST2603,T947278,2025-04-21,Lawn Suit,4247.98
CUST2421,T331676,2025-04-22,Blazer,1512.59
CUST2718,T771390,2025-04-22,Blazer,2278.33
CUST2355,T607691,2025-04-22,Belt,6883.7
CUST2629,T407214,2025-04-22,Lawn Suit,5574.42
CUST2266,T478452,2025-04-22,Formal Shoes,1935.1
CUST2099,T440858,2025-04-22,Lawn Suit,4849.17
CUST2318,T485886,2025-04-22,Handbag,2781.69
CUST2339,T156487,2025-04-22,Saree,5248.41
CUST2557,T365183,2025-04-22,Dress,6766.39
CUST2691,T635938,2025-04-23,Lawn Suit,9609.49
CUST2325,T503452,2025-04-23,Handbag,6748.38
CUST2264,T357419,2025-04-23,Lawn Suit,10330.95
CUST2096,T230394,2025-04-23,Sneakers,4587.07
CUST2007,T489379,2025-04-24,Watch,2573.9
CUST2536,T222034,2025-04-24,Belt,5236.02
CUST2284,T727636,2025-04-24,Cap,2311.37
CUST2785,T407505,2025-04-24,Cap,7228.59
CUST2094,T542729,2025-04-24,Cap,1607.46
CUST2137,T611578,2025-04-24,Formal Shoes,4001.77
CUST2431,T797789,2025-04-24,Watch,3261.75
CUST2728,T218718,2025-04-25,Saree,6788.27
CUST2234,T492819,2025-04-25,Kurti,2910.72
CUST2212,T773116,2025-04-25,Lawn Suit,3745.41
CUST2352,T815830,2025-04-25,Kurti,3926.18
CUST2246,T382038,2025-04-25,Handbag,2982.61
CUST2395,T940948,2025-04-25,Dress,8031.89
CUST2308,T828662,2025-04-25,Formal Shoes,6627.92
CUST2756,T680598,2025-04-25,Sneakers,6283.53
CUST2197,T995517,2025-04-25,Watch,2869.94
CUST2329,T283929,2025-04-26,Kurti,7022.0
CUST2600,T539246,2025-04-26,Jeans,1747.16
CUST2779,T490790,2025-04-26,Jeans,3513.35
CUST2447,T124380,2025-04-26,Handbag,1458.95
CUST2603,T707438,2025-04-26,Formal Shoes,3205.84
CUST2402,T431518,2025-04-27,Cap,4799.56
CUST2622,T541494,2025-04-27,Handbag,2048.47
CUST2194,T627603,2025-04-27,Belt,4082.54
CUST2159,T891449,2025-04-27,Dress,5689.52
CUST2272,T544454,2025-04-27,Formal Shoes,2914.03
CUST2245,T737628,2025-04-27,Cap,3230.5
CUST2654,T815243,2025-04-27,Kurti,2888.23
CUST2461,T943964,2025-04-28,Cap,3197.08
CUST2404,T169696,2025-04-28,Belt,5307.87
CUST2383,T790209,2025-04-28,Formal Shoes,6161.95
CUST2321,T218734,2025-04-29,Kurti,5885.58
CUST2337,T711962,2025-04-29,Blazer,9894.37
CUST2349,T404227,2025-04-29,Cap,2314.99
CUST2750,T583396,2025-04-29,Formal Shoes,2150.03
CUST2074,T471328,2025-04-29,Saree,5828.99
CUST2711,T159937,2025-04-29,Kurti,4123.45
CUST2621,T882892,2025-04-29,Lawn Suit,2451.73
CUST2754,T197023,2025-04-29,Blazer,5035.15
CUST2019,T941532,2025-04-30,Saree,1682.75
CUST2006,T425208,2025-04-30,Belt,5355.78
CUST2112,T810352,2025-04-30,Watch,8538.24
CUST2747,T357674,2025-04-30,Dress,7624.52
CUST2680,T547698,2025-04-30,Handbag,5560.67
CUST2676,T161626,2025-04-30,Saree,6097.83
CUST2675,T712924,2025-04-30,Jeans,1391.21
CUST2435,T841468,2025-04-30,Watch,8542.4
CUST2465,T544447,2025-04-30,Dress,1627.15
CUST2662,T929615,2025-04-30,Lawn Suit,5643.46
CUST2339,T885486,2025-05-01,Jeans,4441.4
CUST2370,T331899,2025-05-01,Lawn Suit,9109.86
CUST2264,T986510,2025-05-01,Formal Shoes,3786.94
CUST2162,T629622,2025-05-01,Sneakers,2265.97
CUST2549,T411549,2025-05-01,Formal Shoes,4058.7
CUST2422,T259246,2025-05-02,Formal Shoes,6438.54
CUST2763,T724166,2025-05-02,Saree,5725.97
CUST2195,T591332,2025-05-03,Handbag,2341.7
CUST2419,T451808,2025-05-03,Dress,4049.42
CUST2788,T952488,2025-05-03,Belt,4325.43
CUST2516,T660220,2025-05-03,Handbag,5389.73
CUST2151,T676447,2025-05-03,Saree,3035.1
CUST2021,T479594,2025-05-04,Blazer,6135.38
CUST2424,T610832,2025-05-04,Cap,2868.66
CUST2196,T104181,2025-05-04,Cap,7166.46
CUST2101,T315103,2025-05-04,Sneakers,1020.66
CUST2598,T122392,2025-05-04,Cap,2059.47
CUST2098,T425271,2025-05-04,Handbag,3051.13
CUST2094,T235483,2025-05-04,Dress,3853.91
CUST2052,T392240,2025-05-04,Cap,7429.97
CUST2303,T278866,2025-05-04,Watch,1620.91
CUST2263,T836951,2025-05-04,Cap,5451.19
CUST2552,T742399,2025-05-04,Belt,5555.24
CUST2057,T970723,2025-05-04,Saree,3640.44
CUST2611,T971936,2025-05-04,Belt,954.9
CUST2792,T608349,2025-05-05,Formal Shoes,1636.39
CUST2128,T412070,2025-05-05,Kurti,5370.49
CUST2043,T356031,2025-05-05,Cap,2255.68
CUST2653,T272400,2025-05-05,Belt,2734.71
CUST2246,T673296,2025-05-06,Blazer,8939.4
CUST2699,T438935,2025-05-06,Blazer,1630.44
CUST2554,T815560,2025-05-06,Belt,7547.02
CUST2058,T365901,2025-05-06,Kurti,1067.85
CUST2186,T950988,2025-05-06,Watch,6570.32
CUST2791,T629747,2025-05-06,Dress,2928.3
CUST2753,T409862,2025-05-06,Sneakers,9721.38
CUST2244,T242675,2025-05-06,Cap,5072.31
CUST2383,T390512,2025-05-06,Sneakers,6586.59
CUST2575,T523412,2025-05-07,Belt,3966.14
CUST2225,T748836,2025-05-07,Jeans,4047.71
CUST2656,T161786,2025-05-07,Dress,1970.18
CUST2032,T427228,2025-05-07,Saree,7183.7
CUST2112,T937135,2025-05-07,Formal Shoes,5832.43
CUST2354,T894285,2025-05-07,Saree,8146.74
CUST2686,T288654,2025-05-07,Dress,2887.3
CUST2079,T205831,2025-05-07,Formal Shoes,3180.6
CUST2312,T336670,2025-05-08,Kurti,3041.8
CUST2748,T116362,2025-05-08,Lawn Suit,2785.15
CUST2431,T476626,2025-05-08,Formal Shoes,4834.69
CUST2071,T447627,2025-05-08,Belt,3730.55
CUST2179,T540022,2025-05-09,Blazer,8593.9
CUST2393,T604492,2025-05-09,Cap,2364.93
CUST2039,T645500,2025-05-09,Saree,5685.46
CUST2325,T412290,2025-05-09,Handbag,6971.33
CUST2597,T128681,2025-05-10,Blazer,2524.44
CUST2235,T510525,2025-05-10,Dress,3169.41
CUST2369,T838081,2025-05-10,Jeans,6094.62
CUST2718,T648157,2025-05-10,Watch,2894.84
CUST2629,T181877,2025-05-10,Handbag,10886.45
CUST2531,T530447,2025-05-10,Kurti,3655.55
CUST2024,T682352,2025-05-10,Jeans,4926.91
CUST2516,T593675,2025-05-11,Formal Shoes,4106.9
CUST2276,T510712,2025-05-11,Handbag,9182.24
CUST2725,T588720,2025-05-11,Formal Shoes,9050.72
CUST2614,T618576,2025-05-11,Sneakers,6819.17
CUST2486,T586361,2025-05-11,Sneakers,4014.46
CUST2383,T673338,2025-05-11,Formal Shoes,3411.28
CUST2691,T702308,2025-05-11,Watch,8352.82
CUST2553,T435664,2025-05-11,Formal Shoes,7502.2
CUST2425,T934938,2025-05-12,Formal Shoes,1377.58
CUST2672,T527764,2025-05-12,Lawn Suit,3636.4
CUST2656,T506267,2025-05-12,Dress,2247.28
CUST2162,T192588,2025-05-12,Watch,2761.41
CUST2470,T258182,2025-05-12,Kurti,4031.38
CUST2622,T444158,2025-05-12,Jeans,1858.99
CUST2046,T484217,2025-05-12,Kurti,3799.48
CUST2185,T551587,2025-05-12,Dress,4090.16
CUST2292,T827929,2025-05-12,Sneakers,2402.51
CUST2373,T221194,2025-05-12,Belt,1561.9
CUST2723,T349830,2025-05-13,Watch,3426.15
CUST2492,T288027,2025-05-13,Watch,3081.32
CUST2615,T570415,2025-05-13,Jeans,1637.65
CUST2298,T411660,2025-05-13,Cap,2643.08
CUST2775,T196671,2025-05-13,Dress,9527.41
CUST2758,T662138,2025-05-14,Handbag,7214.06
CUST2461,T793262,2025-05-14,Saree,2301.22
CUST2745,T520291,2025-05-14,Watch,3921.09
CUST2331,T661714,2025-05-14,Cap,2678.63
CUST2424,T669279,2025-05-14,Kurti,7269.28
CUST2058,T736157,2025-05-14,Jeans,1782.88
CUST2198,T726051,2025-05-14,Formal Shoes,1842.6
CUST2291,T550604,2025-05-14,Dress,2771.98
CUST2741,T396028,2025-05-14,Saree,1970.72
CUST2621,T345250,2025-05-14,Handbag,2180.5
CUST2397,T943951,2025-05-14,Belt,5054.7
CUST2423,T768941,2025-05-14,Kurti,1744.39
CUST2299,T976239,2025-05-15,Watch,4033.76
CUST2264,T915656,2025-05-15,Lawn Suit,3908.8
CUST2371,T965055,2025-05-15,Watch,7900.3
CUST2683,T896730,2025-05-15,Cap,2262.13
CUST2112,T409274,2025-05-15,Handbag,8331.69
CUST2648,T752503,2025-05-15,Blazer,5158.18
CUST2604,T588171,2025-05-16,Lawn Suit,5193.6
CUST2785,T245767,2025-05-16,Kurti,6570.16
CUST2328,T606547,2025-05-16,Blazer,8563.98
CUST2043,T907859,2025-05-16,Kurti,1709.18
CUST2108,T346523,2025-05-17,Cap,2127.03
CUST2006,T202943,2025-05-17,Saree,3376.26
CUST2074,T797730,2025-05-17,Lawn Suit,4812.95
CUST2552,T167618,2025-05-17,Formal Shoes,4196.92
CUST2718,T656266,2025-05-17,Sneakers,949.97
CUST2694,T756327,2025-05-17,Dress,8393.57
CUST2292,T718768,2025-05-17,Dress,2884.62
CUST2495,T831463,2025-05-17,Handbag,6270.15
CUST2079,T671969,2025-05-17,Lawn Suit,8161.58
CUST2516,T402589,2025-05-17,Saree,7819.84
CUST2708,T653395,2025-05-18,Lawn Suit,5465.54
CUST2691,T153068,2025-05-18,Blazer,6502.09
CUST2540,T951674,2025-05-18,Belt,2656.79
CUST2318,T881077,2025-05-18,Belt,8587.2
CUST2146,T842489,2025-05-18,Cap,9174.76
CUST2575,T742244,2025-05-18,Dress,5641.51
CUST2286,T250960,2025-05-18,Jeans,2273.33
CUST2398,T986424,2025-05-18,Saree,1838.12
CUST2098,T171389,2025-05-18,Formal Shoes,10067.44
CUST2325,T296636,2025-05-18,Belt,6426.74
CUST2352,T438724,2025-05-18,Handbag,3039.46
CUST2196,T737080,2025-05-18,Cap,6257.64
CUST2511,T992985,2025-05-19,Lawn Suit,1573.92
CUST2377,T923976,2025-05-19,Saree,4371.86
CUST2403,T605734,2025-05-19,Formal Shoes,1640.04
CUST2369,T196359,2025-05-19,Handbag,2983.85
CUST2627,T866987,2025-05-19,Dress,5552.61
CUST2095,T744098,2025-05-20,Sneakers,2517.86
CUST2264,T165956,2025-05-20,Formal Shoes,7530.98
CUST2186,T795358,2025-05-20,Dress,6049.96
CUST2623,T175358,2025-05-20,Lawn Suit,4640.21
CUST2013,T504260,2025-05-20,Blazer,1985.27
CUST2754,T938423,2025-05-20,Dress,7987.85
CUST2563,T407210,2025-05-20,Cap,7836.36
CUST2439,T810682,2025-05-21,Watch,3805.58
CUST2659,T136246,2025-05-21,Watch,8902.49
CUST2213,T467321,2025-05-21,Watch,3825.09
CUST2166,T761099,2025-05-21,Watch,3834.49
CUST2422,T877700,2025-05-21,Handbag,4297.96
CUST2743,T395395,2025-05-21,Dress,7312.12
CUST2712,T820892,2025-05-21,Handbag,3851.46
CUST2159,T809223,2025-05-22,Cap,5324.91
CUST2506,T406679,2025-05-22,Dress,3985.54
CUST2595,T599748,2025-05-23,Kurti,1682.34
CUST2128,T341213,2025-05-23,Saree,7288.84
CUST2063,T948802,2025-05-23,Jeans,6372.5
CUST2326,T418144,2025-05-23,Sneakers,7388.55
CUST2290,T377605,2025-05-23,Belt,7256.18
CUST2046,T382143,2025-05-23,Blazer,7313.43
CUST2395,T773632,2025-05-23,Formal Shoes,3364.17
CUST2144,T544912,2025-05-23,Cap,2107.55
CUST2770,T801987,2025-05-23,Kurti,2010.03
CUST2174,T279612,2025-05-23,Belt,3741.5
CUST2429,T201667,2025-05-23,Saree,1568.0
CUST2223,T897077,2025-05-23,Saree,3855.67
CUST2232,T218638,2025-05-24,Lawn Suit,1461.56
CUST2432,T501543,2025-05-24,Belt,2100.66
CUST2192,T400173,2025-05-24,Saree,6667.59
CUST2402,T931638,2025-05-24,Blazer,5524.06
CUST2310,T802022,2025-05-24,Formal Shoes,2170.33
CUST2693,T179633,2025-05-24,Jeans,6168.68
CUST2200,T314957,2025-05-24,Cap,1008.28
CUST2216,T437284,2025-05-24,Jeans,1202.57
CUST2794,T739989,2025-05-24,Belt,5045.7
CUST2421,T515411,2025-05-24,Sneakers,1359.36
CUST2711,T146668,2025-05-24,Belt,8506.92
CUST2153,T102798,2025-05-24,Lawn Suit,1437.82
CUST2533,T318729,2025-05-25,Lawn Suit,1637.58
CUST2303,T584266,2025-05-25,Watch,1328.83
CUST2155,T591817,2025-05-25,Lawn Suit,3014.51
CUST2391,T589036,2025-05-25,Cap,1177.54
CUST2450,T952660,2025-05-25,Blazer,2170.35
CUST2603,T816458,2025-05-25,Handbag,3770.76
CUST2536,T750652,2025-05-25,Handbag,7265.1
CUST2057,T784217,2025-05-25,Formal Shoes,2222.92
CUST2131,T964402,2025-05-26,Blazer,2709.43
CUST2344,T957230,2025-05-26,Lawn Suit,5842.78
CUST2554,T558053,2025-05-26,Dress,3546.83
CUST2195,T682023,2025-05-26,Sneakers,795.59
CUST2675,T601500,2025-05-26,Lawn Suit,1069.48
CUST2272,T735580,2025-05-26,Belt,1482.62
CUST2041,T462886,2025-05-26,Handbag,2470.54
CUST2209,T308595,2025-05-27,Kurti,8007.38
CUST2702,T565900,2025-05-27,Kurti,4104.05
CUST2555,T410351,2025-05-27,Sneakers,2284.18
CUST2611,T889996,2025-05-27,Cap,1030.1
CUST2596,T740708,2025-05-27,Saree,5167.86
CUST2410,T138580,2025-05-27,Jeans,2010.38
CUST2329,T328144,2025-05-27,Saree,3406.5
CUST2355,T211364,2025-05-28,Blazer,4251.5
CUST2720,T975865,2025-05-28,Cap,7519.3
CUST2055,T969445,2025-05-28,Kurti,2951.58
CUST2265,T348758,2025-05-28,Jeans,3628.18
CUST2557,T192281,2025-05-28,Blazer,8537.07
CUST2149,T452337,2025-05-29,Cap,1646.36
CUST2262,T773162,2025-05-29,Sneakers,9181.84
CUST2163,T985267,2025-05-29,Saree,5493.87
CUST2520,T363938,2025-05-29,Sneakers,1781.76
CUST2192,T361679,2025-05-29,Blazer,2726.0
CUST2075,T809617,2025-05-29,Watch,851.38
CUST2749,T792421,2025-05-29,Kurti,9253.73
CUST2464,T240704,2025-05-29,Cap,2597.52
CUST2671,T700754,2025-05-29,Kurti,4950.73
CUST2617,T654821,2025-05-30,Jeans,2904.11
CUST2625,T527892,2025-05-30,Formal Shoes,5134.87
CUST2067,T454597,2025-05-30,Saree,7528.82
CUST2013,T174483,2025-05-30,Formal Shoes,1856.95
CUST2396,T167765,2025-05-30,Saree,2146.0
CUST2489,T380747,2025-05-30,Blazer,2589.19
CUST2552,T494030,2025-05-30,Formal Shoes,5719.36
CUST2196,T515701,2025-05-30,Formal Shoes,8465.64
CUST2762,T396073,2025-05-30,Blazer,2456.99
CUST2450,T240009,2025-05-31,Sneakers,3116.76
CUST2218,T298093,2025-05-31,Saree,8496.89
CUST2197,T907337,2025-05-31,Kurti,2395.5
CUST2662,T154602,2025-05-31,Jeans,6189.31
CUST2532,T252239,2025-06-01,Lawn Suit,4105.02
CUST2402,T192318,2025-06-01,Sneakers,6056.57
CUST2235,T105115,2025-06-01,Formal Shoes,2891.83
CUST2597,T652998,2025-06-01,Formal Shoes,2715.9
CUST2633,T658951,2025-06-01,Dress,3687.58
CUST2114,T233803,2025-06-01,Handbag,3451.63
CUST2032,T565992,2025-06-01,Saree,4547.83
CUST2672,T554361,2025-06-01,Saree,3400.61
CUST2549,T323705,2025-06-01,Handbag,3637.22
CUST2128,T482285,2025-06-01,Blazer,7855.63
CUST2225,T620904,2025-06-02,Belt,10225.06
CUST2486,T285098,2025-06-02,Saree,4635.34
CUST2048,T312704,2025-06-02,Saree,3227.54
CUST2339,T969005,2025-06-02,Cap,7172.77
CUST2785,T568897,2025-06-02,Formal Shoes,2832.27
CUST2134,T701314,2025-06-03,Cap,1447.24
CUST2023,T839538,2025-06-03,Belt,7524.51
CUST2275,T553068,2025-06-03,Jeans,709.7
CUST2210,T803180,2025-06-03,Sneakers,2762.61
CUST2205,T234788,2025-06-03,Blazer,6090.28
CUST2245,T763281,2025-06-03,Saree,2868.04
CUST2187,T448911,2025-06-03,Formal Shoes,3728.5
CUST2495,T651090,2025-06-03,Jeans,4108.73
CUST2498,T517748,2025-06-03,Belt,2495.27
CUST2584,T924350,2025-06-04,Lawn Suit,6876.15
CUST2263,T855518,2025-06-04,Watch,6463.77
CUST2355,T271825,2025-06-04,Saree,5981.72
CUST2108,T332423,2025-06-04,Blazer,1672.88
CUST2346,T981585,2025-06-04,Handbag,2704.93
CUST2371,T129521,2025-06-04,Jeans,3132.18
CUST2011,T170028,2025-06-05,Formal Shoes,1852.05
CUST2006,T736368,2025-06-05,Saree,2576.4
CUST2013,T800344,2025-06-05,Belt,2317.26
CUST2055,T597267,2025-06-05,Formal Shoes,4383.84
CUST2501,T294140,2025-06-05,Lawn Suit,2781.39
CUST2096,T283440,2025-06-05,Formal Shoes,7186.77
CUST2034,T338402,2025-06-05,Kurti,1412.67
CUST2561,T571728,2025-06-06,Dress,2850.26
CUST2194,T264317,2025-06-06,Blazer,7096.9
CUST2336,T240816,2025-06-06,Formal Shoes,913.4
CUST2383,T904466,2025-06-06,Blazer,3821.35
CUST2628,T183801,2025-06-06,Watch,3396.21
CUST2337,T375973,2025-06-06,Cap,3975.36
CUST2260,T117406,2025-06-06,Dress,6133.95
CUST2328,T940510,2025-06-06,Watch,4168.0
CUST2454,T387429,2025-06-06,Belt,1970.22
CUST2630,T600653,2025-06-06,Dress,2521.37
CUST2602,T446499,2025-06-06,Formal Shoes,2340.38
CUST2778,T325276,2025-06-06,Cap,2372.11
CUST2098,T129558,2025-06-07,Blazer,3774.81
CUST2656,T117704,2025-06-07,Lawn Suit,3779.06
CUST2672,T637107,2025-06-07,Saree,3616.39
CUST2788,T712896,2025-06-07,Kurti,4260.97
CUST2793,T300379,2025-06-07,Handbag,2712.71
CUST2489,T204747,2025-06-07,Saree,902.36
CUST2747,T201158,2025-06-07,Kurti,3485.77
CUST2090,T340479,2025-06-07,Jeans,3893.98
CUST2503,T404607,2025-06-07,Lawn Suit,1568.91
CUST2614,T318532,2025-06-07,Blazer,8416.18
CUST2733,T294962,2025-06-08,Sneakers,9561.64
CUST2067,T722228,2025-06-08,Watch,7433.95
CUST2403,T959113,2025-06-08,Cap,4538.91
CUST2794,T852462,2025-06-08,Dress,4566.59
CUST2676,T701803,2025-06-08,Jeans,5593.81
CUST2435,T224537,2025-06-08,Kurti,4674.96
CUST2397,T120459,2025-06-08,Handbag,8514.88
CUST2329,T635195,2025-06-09,Saree,6670.28
CUST2370,T555385,2025-06-09,Lawn Suit,5975.96
CUST2117,T733685,2025-06-09,Lawn Suit,8310.89
CUST2739,T770903,2025-06-09,Watch,5578.99
CUST2594,T881654,2025-06-09,Belt,1968.25
CUST2423,T628851,2025-06-09,Handbag,973.5
CUST2343,T222382,2025-06-09,Handbag,4469.39
CUST2017,T983793,2025-06-09,Lawn Suit,1025.14
CUST2153,T318520,2025-06-09,Sneakers,1927.38
CUST2235,T737305,2025-06-10,Kurti,3097.14
CUST2431,T349750,2025-06-10,Dress,6027.25
CUST2690,T623079,2025-06-10,Saree,2099.09
CUST2559,T260969,2025-06-11,Dress,3225.95
CUST2325,T654945,2025-06-11,Sneakers,9178.36
CUST2137,T254219,2025-06-11,Sneakers,4934.5
CUST2779,T942206,2025-06-11,Saree,4700.71
CUST2702,T173289,2025-06-11,Belt,2589.93
CUST2693,T768981,2025-06-11,Cap,3961.46
CUST2385,T570628,2025-06-11,Lawn Suit,3236.41
CUST2604,T269732,2025-06-11,Dress,4207.81
CUST2632,T545960,2025-06-11,Blazer,8766.49
CUST2671,T339018,2025-06-11,Saree,4178.59
CUST2447,T818574,2025-06-11,Formal Shoes,1320.24
CUST2595,T540789,2025-06-12,Kurti,3789.32
CUST2223,T509833,2025-06-12,Belt,2913.51
CUST2074,T906500,2025-06-12,Jeans,5011.02
CUST2728,T400638,2025-06-12,Sneakers,3344.63
CUST2099,T323589,2025-06-12,Kurti,3350.25
CUST2542,T850211,2025-06-12,Belt,3848.65
CUST2119,T315147,2025-06-12,Kurti,1365.0
CUST2052,T351792,2025-06-12,Kurti,3607.56
CUST2439,T138068,2025-06-12,Dress,2909.37
CUST2513,T507498,2025-06-12,Handbag,876.11
CUST2536,T808114,2025-06-12,Saree,4299.91
CUST2745,T463124,2025-06-13,Sneakers,1515.99
CUST2041,T691110,2025-06-13,Lawn Suit,2712.73
CUST2232,T702778,2025-06-13,Handbag,1697.31
CUST2265,T403793,2025-06-13,Blazer,6025.09
CUST2059,T469469,2025-06-13,Cap,2508.21
CUST2305,T267481,2025-06-14,Handbag,3538.66
CUST2321,T596614,2025-06-14,Blazer,6187.28
CUST2627,T225738,2025-06-14,Saree,8105.53
CUST2266,T166234,2025-06-14,Lawn Suit,835.02
CUST2554,T302166,2025-06-14,Handbag,2702.75
CUST2680,T147596,2025-06-14,Lawn Suit,9050.23
CUST2788,T637929,2025-06-14,Blazer,8520.87
CUST2218,T537281,2025-06-14,Kurti,6704.67
CUST2747,T230453,2025-06-14,Saree,7656.2
CUST2194,T135793,2025-06-14,Formal Shoes,7400.9
CUST2623,T216615,2025-06-14,Sneakers,3037.06
CUST2335,T659128,2025-06-14,Jeans,3668.91
CUST2222,T183140,2025-06-15,Kurti,2968.45
CUST2748,T512842,2025-06-15,Saree,3059.09
CUST2013,T882844,2025-06-15,Lawn Suit,3379.0
CUST2723,T792267,2025-06-15,Sneakers,9726.11
CUST2435,T286143,2025-06-15,Lawn Suit,2811.51
CUST2654,T206986,2025-06-15,Formal Shoes,3525.26
CUST2432,T397643,2025-06-16,Saree,2398.31
CUST2598,T630430,2025-06-16,Jeans,1864.28
CUST2357,T524680,2025-06-16,Handbag,1480.12
CUST2708,T628458,2025-06-16,Sneakers,5290.32
CUST2115,T366165,2025-06-16,Watch,1027.27
CUST2756,T810025,2025-06-16,Handbag,6445.47
CUST2560,T546304,2025-06-16,Blazer,4075.25
CUST2326,T196478,2025-06-16,Lawn Suit,7436.37
CUST2404,T790234,2025-06-16,Belt,8878.5
CUST2071,T385147,2025-06-16,Jeans,3190.06
CUST2027,T389527,2025-06-16,Handbag,1490.53
CUST2419,T204661,2025-06-17,Blazer,1505.83
CUST2372,T172889,2025-06-17,Sneakers,2563.18
CUST2733,T654121,2025-06-17,Sneakers,4954.15
CUST2782,T825812,2025-06-17,Cap,7937.75
CUST2074,T562264,2025-06-17,Sneakers,6165.63
CUST2137,T834159,2025-06-17,Kurti,3970.92
CUST2589,T548535,2025-06-17,Saree,2932.97
CUST2007,T206126,2025-06-17,Sneakers,2251.85
CUST2604,T178449,2025-06-17,Dress,8811.83
CUST2196,T594193,2025-06-17,Kurti,9668.0
CUST2349,T240532,2025-06-17,Dress,2588.02
CUST2284,T123446,2025-06-18,Formal Shoes,2099.41
CUST2462,T566611,2025-06-18,Blazer,1527.95
CUST2711,T583331,2025-06-18,Handbag,8773.17
CUST2621,T221425,2025-06-18,Dress,3778.02
CUST2009,T155514,2025-06-18,Belt,1906.39
CUST2465,T608980,2025-06-18,Jeans,2116.26
CUST2120,T932845,2025-06-18,Cap,8255.88
CUST2034,T465154,2025-06-19,Cap,1094.54
CUST2225,T554295,2025-06-19,Watch,7145.83
CUST2758,T140700,2025-06-19,Belt,4385.77
CUST2219,T175767,2025-06-19,Blazer,1348.03
CUST2646,T367854,2025-06-19,Jeans,1146.12
CUST2212,T589232,2025-06-19,Dress,4356.62
CUST2299,T896888,2025-06-19,Belt,1956.19
CUST2652,T190354,2025-06-19,Lawn Suit,1379.84
CUST2385,T799245,2025-06-19,Sneakers,4140.2
CUST2763,T872515,2025-06-19,Dress,5624.46
CUST2346,T196005,2025-06-19,Belt,1703.76
CUST2200,T468681,2025-06-19,Sneakers,1092.22
CUST2481,T617862,2025-06-19,Watch,1887.79
CUST2185,T903214,2025-06-19,Handbag,6729.54
CUST2470,T689459,2025-06-19,Dress,3853.38
CUST2630,T326494,2025-06-19,Kurti,3624.9
CUST2312,T637826,2025-06-20,Handbag,2462.53
CUST2041,T231014,2025-06-20,Formal Shoes,1586.07
CUST2458,T836097,2025-06-20,Jeans,3071.98
CUST2743,T261588,2025-06-21,Cap,6694.43
CUST2308,T473980,2025-06-21,Kurti,7578.03
CUST2600,T834711,2025-06-21,Belt,1368.75
CUST2244,T808234,2025-06-22,Saree,9201.69
CUST2260,T631129,2025-06-22,Jeans,5053.53
CUST2234,T474020,2025-06-22,Blazer,5032.15
CUST2699,T928258,2025-06-22,Belt,1656.2
CUST2563,T255326,2025-06-22,Sneakers,3604.07
CUST2625,T480173,2025-06-22,Sneakers,3811.99
CUST2146,T371726,2025-06-22,Sneakers,4229.62
CUST2293,T822854,2025-06-22,Saree,3966.09
CUST2263,T777683,2025-06-22,Watch,6276.4
CUST2424,T982522,2025-06-22,Handbag,6570.97
CUST2103,T648607,2025-06-23,Belt,2409.75
CUST2396,T673758,2025-06-23,Belt,1006.31
CUST2476,T620658,2025-06-23,Saree,2829.89
CUST2439,T640917,2025-06-23,Blazer,5367.1
CUST2730,T295157,2025-06-23,Belt,3135.9
CUST2354,T259406,2025-06-24,Kurti,2655.24
CUST2150,T614732,2025-06-24,Jeans,2329.89
CUST2557,T947149,2025-06-24,Blazer,5172.21
CUST2779,T119710,2025-06-24,Blazer,6530.77
CUST2057,T326978,2025-06-24,Cap,1287.23
CUST2422,T772575,2025-06-24,Jeans,7810.73
CUST2452,T193017,2025-06-24,Watch,2252.57
CUST2750,T396602,2025-06-24,Sneakers,4360.52
CUST2410,T968696,2025-06-25,Handbag,786.71
CUST2245,T852445,2025-06-25,Kurti,2482.91
CUST2402,T927068,2025-06-25,Jeans,3401.78
CUST2246,T684435,2025-06-25,Jeans,7173.28
CUST2039,T770589,2025-06-25,Lawn Suit,7305.8
CUST2554,T133817,2025-06-25,Saree,5065.01
CUST2043,T977731,2025-06-25,Sneakers,2720.88
CUST2600,T490216,2025-06-26,Watch,2375.51
CUST2455,T131042,2025-06-26,Sneakers,2573.08
CUST2555,T263000,2025-06-26,Saree,5288.22
CUST2235,T948768,2025-06-26,Cap,6010.49
CUST2633,T973324,2025-06-26,Formal Shoes,3997.47
CUST2724,T988721,2025-06-26,Watch,4724.76
CUST2194,T303824,2025-06-26,Kurti,7966.48
CUST2676,T393956,2025-06-27,Sneakers,3867.09
CUST2653,T262646,2025-06-27,Handbag,2040.34
CUST2747,T864481,2025-06-27,Jeans,3108.9
CUST2218,T989700,2025-06-27,Formal Shoes,3753.64
CUST2627,T536133,2025-06-27,Dress,8260.63
CUST2491,T465486,2025-06-27,Sneakers,3192.31
CUST2046,T162592,2025-06-27,Kurti,8226.29
CUST2326,T689112,2025-06-27,Belt,7238.83
CUST2764,T241745,2025-06-27,Handbag,3208.08
CUST2720,T162709,2025-06-28,Cap,7162.07
CUST2617,T792238,2025-06-28,Watch,11595.69
CUST2019,T436680,2025-06-28,Cap,995.7
CUST2531,T927869,2025-06-28,Jeans,8767.47
CUST2343,T165330,2025-06-28,Lawn Suit,4759.24
CUST2553,T203775,2025-06-28,Formal Shoes,2898.76
CUST2377,T605007,2025-06-28,Saree,3053.88
CUST2548,T805167,2025-06-28,Blazer,3460.06
CUST2791,T209436,2025-06-28,Kurti,3959.27
CUST2328,T957798,2025-06-28,Kurti,7382.94
CUST2021,T871828,2025-06-28,Blazer,8297.53
CUST2134,T203295,2025-06-28,Watch,1437.08
CUST2166,T477215,2025-06-28,Handbag,2870.16
CUST2144,T692173,2025-06-28,Belt,3123.42
CUST2632,T587244,2025-06-29,Watch,5214.27
CUST2395,T530825,2025-06-29,Saree,6893.55
CUST2369,T511510,2025-06-29,Kurti,4450.82
CUST2775,T350207,2025-06-30,Formal Shoes,3935.28
CUST2663,T233867,2025-06-30,Kurti,5466.87
CUST2153,T451221,2025-06-30,Dress,1912.59
CUST2546,T652452,2025-06-30,Sneakers,3889.74
CUST2321,T540513,2025-06-30,Jeans,5627.01
CUST2597,T668938,2025-06-30,Lawn Suit,2017.53
CUST2463,T217083,2025-06-30,Sneakers,2444.3
CUST2291,T507679,2025-06-30,Blazer,3528.8
CUST2644,T261133,2025-06-30,Jeans,3771.89
CUST2512,T893879,2025-06-30,Formal Shoes,4598.44
CUST2094,T206592,2025-07-01,Formal Shoes,1516.46
CUST2331,T937457,2025-07-01,Watch,2695.98
CUST2699,T131060,2025-07-01,Dress,2353.27
CUST2329,T323014,2025-07-01,Cap,3795.53
CUST2431,T325395,2025-07-01,Lawn Suit,6156.32
CUST2286,T876194,2025-07-01,Handbag,2704.08
CUST2630,T677018,2025-07-02,Saree,2653.19
CUST2709,T491615,2025-07-02,Formal Shoes,2336.99
CUST2399,T806254,2025-07-02,Sneakers,3825.76
CUST2753,T162942,2025-07-02,Handbag,9911.69
CUST2320,T697146,2025-07-02,Lawn Suit,1776.39
CUST2211,T693113,2025-07-03,Cap,3233.69
CUST2079,T121579,2025-07-03,Watch,3880.19
CUST2792,T251717,2025-07-03,Jeans,2960.36
CUST2000,T822101,2025-07-03,Saree,1871.27
CUST2741,T494634,2025-07-03,Handbag,2076.54
CUST2353,T997095,2025-07-03,Formal Shoes,2703.26
CUST2083,T126684,2025-07-03,Formal Shoes,2416.32
CUST2282,T571034,2025-07-03,Blazer,5401.63
CUST2461,T246863,2025-07-03,Cap,1413.4
CUST2481,T819752,2025-07-03,Dress,2858.86
CUST2055,T857157,2025-07-04,Watch,7969.73
CUST2218,T877088,2025-07-04,Cap,3209.05
CUST2531,T154874,2025-07-04,Handbag,3339.05
CUST2724,T311714,2025-07-04,Kurti,3900.53
CUST2174,T562609,2025-07-04,Lawn Suit,6602.42
CUST2192,T268982,2025-07-04,Cap,4638.0
CUST2337,T814767,2025-07-04,Formal Shoes,4060.68
CUST2604,T734353,2025-07-04,Belt,4650.49
CUST2680,T565075,2025-07-05,Sneakers,3564.04
CUST2024,T224723,2025-07-05,Formal Shoes,8133.35
CUST2264,T116829,2025-07-05,Jeans,5632.27
CUST2778,T711646,2025-07-05,Dress,3046.06
CUST2549,T729832,2025-07-05,Jeans,4082.32
CUST2782,T767557,2025-07-05,Dress,4451.2
CUST2027,T271699,2025-07-05,Saree,1292.65
CUST2065,T720644,2025-07-05,Cap,3547.39
CUST2491,T318204,2025-07-05,Dress,3675.78
CUST2131,T289586,2025-07-05,Saree,3504.97
CUST2426,T619391,2025-07-05,Blazer,3753.61
CUST2304,T751008,2025-07-06,Lawn Suit,2477.03
CUST2052,T265471,2025-07-06,Watch,4541.74
CUST2595,T322622,2025-07-06,Blazer,1538.71
CUST2662,T268998,2025-07-06,Saree,3340.53
CUST2187,T416759,2025-07-06,Handbag,8578.66
CUST2791,T823993,2025-07-06,Watch,4056.82
CUST2204,T174743,2025-07-06,Jeans,3241.91
CUST2629,T538224,2025-07-06,Blazer,4933.76
CUST2209,T149644,2025-07-06,Kurti,2909.48
CUST2179,T107993,2025-07-07,Jeans,4599.97
CUST2446,T409455,2025-07-07,Saree,1657.85
CUST2723,T407346,2025-07-07,Handbag,5713.24
CUST2725,T334118,2025-07-07,Blazer,4374.96
CUST2067,T235360,2025-07-07,Kurti,6155.95
CUST2244,T204244,2025-07-07,Watch,5683.58
CUST2602,T188599,2025-07-07,Dress,2540.72
CUST2048,T577815,2025-07-08,Cap,1526.34
CUST2754,T413276,2025-07-08,Blazer,6031.73
CUST2705,T516160,2025-07-08,Sneakers,1910.78
CUST2282,T381233,2025-07-08,Cap,8205.19
CUST2276,T909789,2025-07-08,Saree,4379.72
CUST2596,T167670,2025-07-08,Sneakers,9382.47
CUST2699,T282648,2025-07-08,Lawn Suit,1813.93
CUST2197,T513970,2025-07-08,Dress,4338.77
CUST2712,T373570,2025-07-09,Belt,3142.58
CUST2096,T334069,2025-07-09,Handbag,5392.27
CUST2352,T608047,2025-07-09,Cap,5536.55
CUST2390,T265623,2025-07-09,Dress,2021.99
CUST2511,T744110,2025-07-09,Formal Shoes,2828.0
CUST2598,T286949,2025-07-09,Belt,2090.22
CUST2575,T461308,2025-07-09,Dress,6557.87
CUST2344,T610878,2025-07-09,Belt,5566.49
CUST2516,T488052,2025-07-09,Watch,4589.61
CUST2263,T455728,2025-07-09,Blazer,3752.69
CUST2763,T110478,2025-07-10,Kurti,4402.56
CUST2739,T168453,2025-07-10,Belt,6972.97
CUST2659,T414603,2025-07-10,Saree,3872.25
CUST2672,T946940,2025-07-10,Blazer,3702.21
CUST2532,T768275,2025-07-10,Cap,3327.81
CUST2278,T901571,2025-07-10,Kurti,2221.23
CUST2112,T796732,2025-07-10,Formal Shoes,4523.58
CUST2262,T720071,2025-07-10,Lawn Suit,5927.9
CUST2318,T813724,2025-07-10,Blazer,3447.94
CUST2386,T624546,2025-07-10,Lawn Suit,1387.98
CUST2383,T646123,2025-07-10,Watch,4273.57
CUST2312,T136861,2025-07-10,Dress,3258.68
CUST2537,T723113,2025-07-10,Sneakers,2401.37
CUST2023,T621921,2025-07-10,Jeans,5812.76
CUST2453,T564809,2025-07-10,Dress,1096.6
CUST2358,T562338,2025-07-10,Sneakers,3116.5
CUST2284,T711355,2025-07-11,Sneakers,1079.57
CUST2518,T244859,2025-07-11,Saree,3493.73
CUST2671,T807019,2025-07-11,Watch,5158.82
CUST2785,T355668,2025-07-11,Kurti,5072.1
CUST2296,T237489,2025-07-11,Saree,3108.71
CUST2364,T648909,2025-07-11,Belt,2426.18
CUST2179,T747530,2025-07-12,Formal Shoes,5321.43
CUST2432,T213141,2025-07-12,Dress,4365.15
CUST2734,T319725,2025-07-12,Watch,4015.01
CUST2098,T407160,2025-07-12,Watch,7354.19
CUST2462,T771183,2025-07-12,Sneakers,1851.13
CUST2553,T967534,2025-07-12,Jeans,4299.12
CUST2163,T279945,2025-07-12,Cap,7915.15
CUST2080,T735917,2025-07-12,Formal Shoes,3125.51
CUST2648,T912809,2025-07-12,Sneakers,7184.33
CUST2146,T586259,2025-07-12,Jeans,3788.61
CUST2317,T762328,2025-07-12,Handbag,1852.58
CUST2506,T258349,2025-07-12,Formal Shoes,4124.4
CUST2244,T688404,2025-07-12,Saree,3952.82
CUST2694,T480653,2025-07-13,Formal Shoes,8706.77
CUST2728,T248201,2025-07-13,Cap,6990.78
CUST2329,T454537,2025-07-13,Cap,5561.21
CUST2552,T491401,2025-07-13,Sneakers,7672.41
CUST2633,T782291,2025-07-13,Watch,1755.11
CUST2632,T359150,2025-07-13,Sneakers,6562.03
CUST2738,T356873,2025-07-14,Watch,3165.45
CUST2310,T938334,2025-07-14,Saree,2849.38
CUST2427,T380029,2025-07-14,Kurti,3519.23
CUST2024,T401646,2025-07-14,Handbag,3795.58
CUST2467,T854075,2025-07-14,Kurti,2053.84
CUST2070,T517096,2025-07-15,Kurti,2663.48
CUST2032,T345086,2025-07-15,Lawn Suit,5675.21
CUST2429,T574331,2025-07-15,Dress,2107.02
CUST2308,T543718,2025-07-15,Belt,3583.6
CUST2326,T446972,2025-07-15,Belt,4914.37
CUST2591,T998812,2025-07-15,Jeans,5060.3
CUST2627,T224884,2025-07-15,Cap,7264.66
CUST2790,T961258,2025-07-15,Lawn Suit,1271.81
CUST2725,T921847,2025-07-16,Belt,4029.71
CUST2430,T736651,2025-07-16,Lawn Suit,1709.41
CUST2433,T201231,2025-07-16,Saree,3874.34
CUST2234,T275133,2025-07-16,Watch,3436.95
CUST2470,T713476,2025-07-16,Kurti,5476.18
CUST2520,T710348,2025-07-16,Handbag,2295.01
CUST2290,T930686,2025-07-16,Kurti,4349.1
CUST2472,T363853,2025-07-16,Handbag,966.65
CUST2691,T736731,2025-07-16,Sneakers,3988.42
CUST2186,T737523,2025-07-17,Watch,4608.21
CUST2465,T993503,2025-07-17,Handbag,3915.52
CUST2690,T729513,2025-07-17,Handbag,2795.27
CUST2238,T897628,2025-07-17,Watch,4554.83
CUST2159,T642685,2025-07-17,Jeans,5950.61
CUST2483,T556303,2025-07-17,Cap,2188.28
CUST2093,T123132,2025-07-17,Dress,1777.91
CUST2355,T830610,2025-07-17,Sneakers,3028.49
CUST2063,T118535,2025-07-17,Lawn Suit,3388.66
CUST2788,T839449,2025-07-18,Belt,3455.83
CUST2194,T815633,2025-07-18,Handbag,9152.98
CUST2368,T948178,2025-07-18,Watch,1097.89
CUST2128,T226155,2025-07-18,Lawn Suit,3507.43
CUST2213,T498541,2025-07-18,Belt,1527.86
CUST2457,T215844,2025-07-18,Formal Shoes,3255.14
CUST2501,T691277,2025-07-19,Belt,1079.72
CUST2486,T958728,2025-07-19,Saree,4110.09
CUST2120,T467020,2025-07-19,Blazer,2969.03
CUST2025,T670094,2025-07-19,Cap,5179.27
CUST2504,T930390,2025-07-19,Dress,2414.01
CUST2533,T417565,2025-07-19,Lawn Suit,1907.78
CUST2404,T321949,2025-07-19,Jeans,3383.48
CUST2034,T547327,2025-07-19,Blazer,1630.54
CUST2711,T374085,2025-07-19,Blazer,5791.07
CUST2201,T970149,2025-07-19,Belt,2333.0
CUST2371,T444056,2025-07-19,Kurti,7254.17
CUST2167,T159528,2025-07-20,Cap,1927.66
CUST2662,T665812,2025-07-20,Lawn Suit,5015.33
CUST2621,T986085,2025-07-20,Dress,4224.66
CUST2503,T228680,2025-07-20,Lawn Suit,4008.44
CUST2181,T845010,2025-07-20,Jeans,1163.21
CUST2345,T103110,2025-07-20,Blazer,2551.8
CUST2357,T686090,2025-07-20,Dress,1301.16
CUST2782,T964977,2025-07-21,Saree,8731.92
CUST2099,T908549,2025-07-21,Jeans,8260.33
CUST2272,T153646,2025-07-21,Belt,1547.73
CUST2207,T337589,2025-07-21,Jeans,1683.21
CUST2559,T262487,2025-07-21,Handbag,9274.48
CUST2567,T889462,2025-07-21,Saree,3855.54
CUST2749,T933714,2025-07-21,Dress,7441.15
CUST2793,T647032,2025-07-21,Belt,2654.78
CUST2516,T811447,2025-07-21,Belt,5042.67
CUST2343,T707899,2025-07-21,Cap,3702.17
CUST2434,T536912,2025-07-21,Lawn Suit,2472.86
CUST2325,T762094,2025-07-21,Formal Shoes,4241.76
CUST2603,T248994,2025-07-21,Kurti,3185.54
CUST2632,T258854,2025-07-21,Sneakers,3754.0
CUST2794,T712496,2025-07-22,Sneakers,4231.54
CUST2268,T662864,2025-07-22,Kurti,3208.14
CUST2397,T224795,2025-07-22,Formal Shoes,4272.63
CUST2614,T819931,2025-07-22,Belt,5598.48
CUST2563,T363500,2025-07-22,Blazer,7038.65
CUST2308,T462606,2025-07-22,Saree,9254.6
CUST2175,T322869,2025-07-22,Cap,2100.59
CUST2628,T776120,2025-07-22,Blazer,1760.18
CUST2238,T924915,2025-07-22,Lawn Suit,2750.04
CUST2205,T194694,2025-07-22,Cap,4420.07
CUST2452,T638543,2025-07-22,Saree,1169.47
CUST2166,T399479,2025-07-22,Saree,2141.21
CUST2155,T200796,2025-07-22,Saree,1595.91
CUST2317,T832364,2025-07-22,Sneakers,1565.2
CUST2690,T957938,2025-07-22,Saree,2117.6
CUST2646,T337139,2025-07-22,Sneakers,1024.67
CUST2377,T486199,2025-07-22,Formal Shoes,3292.81
CUST2283,T528227,2025-07-22,Formal Shoes,4205.71
CUST2531,T388990,2025-07-23,Lawn Suit,8969.69
CUST2762,T591990,2025-07-24,Belt,3017.18
CUST2631,T811821,2025-07-24,Kurti,2252.04
CUST2352,T643511,2025-07-24,Saree,9284.46
CUST2557,T578386,2025-07-24,Watch,3910.07
CUST2239,T114487,2025-07-24,Handbag,2413.99
CUST2117,T456218,2025-07-24,Formal Shoes,7062.68
CUST2617,T179356,2025-07-24,Watch,8667.1
CUST2333,T377682,2025-07-24,Dress,2849.1
CUST2647,T300145,2025-07-25,Belt,2052.2
CUST2462,T816039,2025-07-25,Handbag,1829.57
CUST2210,T629005,2025-07-25,Sneakers,3372.9
CUST2714,T268661,2025-07-25,Dress,3458.35
CUST2116,T436975,2025-07-25,Blazer,990.31
CUST2046,T807379,2025-07-25,Kurti,7172.55
CUST2763,T554512,2025-07-25,Dress,7617.99
CUST2063,T823793,2025-07-25,Formal Shoes,5505.71
CUST2656,T193545,2025-07-25,Sneakers,3606.4
CUST2450,T144726,2025-07-25,Jeans,2431.43
CUST2542,T841718,2025-07-26,Jeans,4177.15
CUST2075,T295280,2025-07-26,Blazer,2694.75
CUST2048,T145583,2025-07-26,Saree,4476.74
CUST2038,T157918,2025-07-26,Sneakers,1495.69
CUST2347,T176161,2025-07-26,Watch,2053.01
CUST2181,T525759,2025-07-26,Dress,931.99
CUST2196,T756110,2025-07-26,Saree,5309.89
CUST2495,T860954,2025-07-26,Belt,8806.57
CUST2548,T740797,2025-07-26,Dress,2863.68
CUST2225,T202734,2025-07-27,Saree,3253.11
CUST2758,T726110,2025-07-27,Dress,4778.72
CUST2584,T479380,2025-07-27,Handbag,4336.49
CUST2337,T223089,2025-07-27,Handbag,4605.83
CUST2775,T403139,2025-07-27,Kurti,3724.92
CUST2771,T578154,2025-07-27,Dress,2394.52
CUST2286,T847941,2025-07-27,Jeans,1564.89
CUST2599,T943856,2025-07-27,Sneakers,3127.42
CUST2114,T595503,2025-07-27,Dress,6023.94
CUST2134,T799512,2025-07-27,Watch,2546.75
CUST2339,T842188,2025-07-27,Belt,3299.33
CUST2192,T773624,2025-07-27,Saree,8949.29
CUST2546,T730755,2025-07-28,Formal Shoes,2642.1
CUST2090,T661459,2025-07-28,Formal Shoes,4247.08
CUST2537,T913425,2025-07-28,Jeans,1806.2
CUST2435,T398257,2025-07-28,Belt,3749.97
CUST2403,T261885,2025-07-28,Saree,4431.47
CUST2788,T732774,2025-07-28,Watch,5594.76
CUST2071,T311948,2025-07-28,Blazer,4160.55
CUST2138,T188623,2025-07-28,Kurti,4344.54
CUST2745,T119710,2025-07-28,Lawn Suit,2561.06
CUST2057,T138953,2025-07-28,Watch,2343.27
CUST2119,T281381,2025-07-28,Cap,1384.54
CUST2085,T481627,2025-07-28,Formal Shoes,2522.9
CUST2142,T391520,2025-07-28,Lawn Suit,4363.85
CUST2017,T575387,2025-07-28,Lawn Suit,2199.86
CUST2571,T842934,2025-07-29,Belt,6238.98
CUST2385,T796946,2025-07-29,Handbag,2118.36
CUST2469,T379547,2025-07-29,Sneakers,1473.91
CUST2498,T480172,2025-07-29,Handbag,1923.15
CUST2104,T425213,2025-07-29,Watch,1577.41
CUST2518,T861178,2025-07-29,Dress,2722.19
CUST2291,T312447,2025-07-29,Saree,3514.23
CUST2293,T972827,2025-07-29,Sneakers,3227.54
CUST2052,T244490,2025-07-29,Lawn Suit,7988.95
CUST2297,T789222,2025-07-29,Belt,1723.66
CUST2011,T486137,2025-07-29,Saree,4189.06
CUST2009,T480057,2025-07-29,Formal Shoes,1694.93
CUST2370,T328270,2025-07-29,Handbag,9308.58
CUST2023,T426553,2025-07-29,Lawn Suit,7960.27
CUST2120,T214311,2025-07-30,Cap,3097.71
CUST2428,T816341,2025-07-30,Sneakers,1355.93
CUST2757,T305763,2025-07-30,Dress,2659.78
CUST2455,T233728,2025-07-30,Jeans,1946.99
CUST2536,T916346,2025-07-30,Jeans,6184.86
CUST2283,T405689,2025-07-30,Watch,3916.71
CUST2663,T793070,2025-07-30,Cap,4228.64
CUST2200,T832226,2025-07-30,Belt,1478.78
CUST2659,T271058,2025-07-30,Blazer,4410.28
CUST2422,T736666,2025-07-30,Sneakers,6139.74
CUST2067,T494702,2025-07-30,Lawn Suit,3405.53
CUST2672,T614340,2025-07-30,Handbag,2902.03
CUST2311,T183455,2025-07-30,Cap,1725.72
CUST2077,T465151,2025-07-30,Dress,1927.51
CUST2691,T903543,2025-07-31,Jeans,5015.22
CUST2489,T870790,2025-07-31,Dress,2256.59
CUST2696,T410126,2025-07-31,Lawn Suit,2165.66
CUST2793,T317119,2025-07-31,Sneakers,3667.08
CUST2165,T116691,2025-07-31,Formal Shoes,3617.42
CUST2561,T201530,2025-07-31,Handbag,5762.01
CUST2741,T751272,2025-07-31,Jeans,2329.31
CUST2533,T584769,2025-07-31,Cap,936.32
CUST2720,T609991,2025-07-31,Formal Shoes,6864.36
CUST2791,T606458,2025-07-31,Formal Shoes,7888.56
CUST2299,T529671,2025-08-01,Watch,2646.46
CUST2032,T161605,2025-08-01,Dress,7929.34
CUST2161,T115458,2025-08-01,Handbag,1706.65
CUST2245,T326726,2025-08-01,Watch,4881.81
CUST2778,T440350,2025-08-01,Cap,1076.72
CUST2056,T557838,2025-08-01,Belt,1893.32
CUST2179,T507570,2025-08-01,Kurti,7466.53
CUST2667,T545203,2025-08-01,Cap,1940.16
CUST2326,T903887,2025-08-01,Blazer,9180.21
CUST2108,T693208,2025-08-01,Watch,2417.62
CUST2080,T368657,2025-08-01,Lawn Suit,2756.34
CUST2652,T507498,2025-08-01,Lawn Suit,1962.15
CUST2582,T717406,2025-08-01,Jeans,9092.48
CUST2301,T216380,2025-08-02,Dress,1937.65
CUST2522,T922559,2025-08-02,Cap,2513.45
CUST2100,T438365,2025-08-02,Saree,2210.06
CUST2276,T404095,2025-08-02,Belt,4372.81
CUST2790,T247775,2025-08-02,Belt,817.9
CUST2085,T894853,2025-08-02,Saree,3661.04
CUST2764,T890286,2025-08-02,Formal Shoes,1577.8
CUST2371,T673215,2025-08-02,Formal Shoes,6442.43
CUST2059,T635220,2025-08-02,Kurti,2863.24
CUST2239,T305353,2025-08-02,Cap,2514.91
CUST2753,T814700,2025-08-02,Sneakers,7618.99
CUST2454,T765424,2025-08-02,Watch,1636.15
CUST2623,T476256,2025-08-02,Formal Shoes,4307.05
CUST2331,T840724,2025-08-03,Handbag,2870.15
CUST2163,T815504,2025-08-03,Blazer,7542.6
CUST2435,T149197,2025-08-03,Saree,8361.15
CUST2481,T908237,2025-08-03,Dress,4150.61
CUST2335,T550454,2025-08-03,Jeans,4102.08
CUST2006,T205942,2025-08-03,Kurti,8665.66
CUST2191,T781868,2025-08-03,Jeans,4078.64
CUST2684,T497388,2025-08-03,Watch,5776.73
CUST2756,T559783,2025-08-03,Lawn Suit,3338.75
CUST2352,T253978,2025-08-03,Kurti,5480.65
CUST2404,T437153,2025-08-03,Dress,5835.4
CUST2223,T872785,2025-08-03,Kurti,3849.28
CUST2328,T621289,2025-08-03,Watch,8892.36
CUST2094,T327026,2025-08-03,Lawn Suit,1670.95
CUST2010,T723123,2025-08-04,Sneakers,2894.84
CUST2383,T587058,2025-08-04,Sneakers,5439.97
CUST2219,T270586,2025-08-04,Jeans,1945.52
CUST2137,T447460,2025-08-04,Cap,4736.37
CUST2433,T477220,2025-08-04,Saree,2718.82
CUST2708,T984655,2025-08-04,Saree,4807.33
CUST2209,T472225,2025-08-04,Belt,5428.74
CUST2653,T656649,2025-08-04,Formal Shoes,3224.23
CUST2674,T661759,2025-08-04,Saree,3432.28
CUST2520,T217127,2025-08-05,Formal Shoes,1938.49
CUST2103,T955259,2025-08-05,Jeans,1631.86
CUST2654,T851719,2025-08-05,Handbag,2071.16
CUST2203,T877517,2025-08-05,Handbag,3774.08
CUST2062,T183712,2025-08-05,Formal Shoes,1543.76
CUST2594,T856740,2025-08-05,Lawn Suit,4233.93
CUST2305,T294841,2025-08-05,Blazer,2351.09
CUST2222,T282227,2025-08-05,Kurti,3854.52
CUST2354,T997575,2025-08-05,Blazer,3239.29
CUST2419,T358235,2025-08-05,Handbag,3632.45
CUST2476,T605807,2025-08-05,Watch,1839.81
CUST2455,T631398,2025-08-05,Blazer,1187.91
CUST2236,T632962,2025-08-06,Blazer,3097.23
CUST2738,T724477,2025-08-06,Jeans,2485.98
CUST2070,T666397,2025-08-06,Lawn Suit,1642.45
CUST2318,T849918,2025-08-06,Saree,5925.11
CUST2323,T527503,2025-08-07,Jeans,2110.12
CUST2039,T139517,2025-08-07,Handbag,5996.25
CUST2235,T288794,2025-08-07,Sneakers,3592.76
CUST2175,T682278,2025-08-07,Jeans,3525.51
CUST2083,T469301,2025-08-07,Saree,4104.4
CUST2691,T463100,2025-08-07,Formal Shoes,4856.6
CUST2392,T611282,2025-08-07,Lawn Suit,2289.34
CUST2536,T962385,2025-08-07,Cap,4344.84
CUST2295,T773883,2025-08-07,Belt,2783.12
CUST2260,T345509,2025-08-07,Watch,4934.36
CUST2212,T838402,2025-08-07,Kurti,7856.59
CUST2446,T149328,2025-08-07,Formal Shoes,3562.88
CUST2584,T240285,2025-08-07,Formal Shoes,7124.51
CUST2027,T172623,2025-08-08,Watch,1159.13
CUST2735,T728676,2025-08-08,Formal Shoes,3729.86
CUST2702,T775340,2025-08-08,Blazer,3854.96
CUST2364,T684196,2025-08-08,Blazer,2674.1
CUST2491,T140500,2025-08-08,Belt,1616.35
CUST2693,T772132,2025-08-08,Lawn Suit,3781.24
CUST2723,T775085,2025-08-08,Blazer,8213.47
CUST2122,T611437,2025-08-08,Watch,1192.08
CUST2548,T538171,2025-08-08,Belt,1961.54
CUST2431,T790575,2025-08-08,Jeans,6201.28
CUST2432,T259542,2025-08-08,Dress,4049.87
CUST2146,T461544,2025-08-08,Blazer,5341.9
CUST2355,T109148,2025-08-09,Kurti,7141.91
CUST2074,T903438,2025-08-09,Lawn Suit,5834.65
CUST2204,T260286,2025-08-09,Cap,3888.41
CUST2500,T384160,2025-08-09,Formal Shoes,2805.39
CUST2150,T970665,2025-08-09,Belt,3309.16
CUST2358,T827638,2025-08-09,Cap,4051.44
CUST2465,T125674,2025-08-09,Kurti,4157.94
CUST2316,T260412,2025-08-09,Kurti,956.43
CUST2282,T450529,2025-08-09,Handbag,4574.64
CUST2728,T322350,2025-08-09,Kurti,3716.28
CUST2308,T795976,2025-08-09,Cap,3849.0
CUST2144,T238919,2025-08-09,Jeans,2420.32
CUST2114,T625978,2025-08-09,Saree,4605.18
CUST2049,T547034,2025-08-09,Saree,1778.71
CUST2369,T103310,2025-08-09,Handbag,2766.64
CUST2506,T675674,2025-08-10,Sneakers,3309.43
CUST2128,T905699,2025-08-10,Handbag,8217.31
CUST2621,T982076,2025-08-10,Lawn Suit,3443.61
CUST2606,T336772,2025-08-10,Lawn Suit,1984.51
CUST2454,T745901,2025-08-10,Dress,4241.21
CUST2381,T841584,2025-08-10,Blazer,3680.65
CUST2194,T741622,2025-08-10,Jeans,5345.03
CUST2767,T488576,2025-08-10,Watch,4182.02
CUST2526,T459886,2025-08-10,Formal Shoes,2656.0
CUST2595,T873685,2025-08-10,Lawn Suit,1865.75
CUST2733,T966711,2025-08-10,Belt,4045.37
CUST2555,T813387,2025-08-10,Sneakers,2649.43
CUST2782,T400088,2025-08-10,Formal Shoes,8654.08
CUST2293,T926865,2025-08-10,Sneakers,3034.62
CUST2174,T136792,2025-08-10,Dress,7389.62
CUST2383,T531763,2025-08-10,Formal Shoes,6255.19
CUST2647,T252101,2025-08-11,Sneakers,2747.52
CUST2205,T602649,2025-08-11,Saree,5999.1
CUST2344,T235441,2025-08-11,Handbag,7773.17
CUST2724,T187530,2025-08-11,Saree,3881.38
CUST2166,T795415,2025-08-11,Sneakers,1227.28
CUST2424,T533590,2025-08-11,Dress,6177.8
CUST2013,T434946,2025-08-11,Jeans,3328.05
CUST2203,T514631,2025-08-11,Cap,3647.99
CUST2265,T752619,2025-08-11,Lawn Suit,2890.2
CUST2311,T628731,2025-08-11,Watch,4285.25
CUST2560,T457208,2025-08-11,Sneakers,2252.78
CUST2753,T531259,2025-08-11,Blazer,6734.57
CUST2072,T456827,2025-08-11,Handbag,1732.82
CUST2370,T823982,2025-08-12,Cap,7152.92
CUST2325,T290601,2025-08-12,Kurti,8578.82
CUST2750,T355962,2025-08-12,Sneakers,3497.76
CUST2211,T220186,2025-08-12,Jeans,2887.45
CUST2571,T478451,2025-08-12,Watch,4110.06
CUST2246,T108784,2025-08-12,Belt,4567.03
CUST2191,T886195,2025-08-12,Formal Shoes,4811.3
CUST2505,T757477,2025-08-12,Jeans,4209.66
CUST2734,T200755,2025-08-13,Blazer,4742.01
CUST2000,T778593,2025-08-13,Handbag,3329.22
CUST2006,T817277,2025-08-13,Lawn Suit,7816.2
CUST2553,T457514,2025-08-13,Blazer,4179.15
CUST2705,T599517,2025-08-13,Dress,1451.81
CUST2481,T455541,2025-08-13,Formal Shoes,2168.99
CUST2747,T174137,2025-08-13,Belt,8780.08
CUST2116,T970797,2025-08-13,Watch,1003.59
CUST2648,T805807,2025-08-13,Dress,8598.74
CUST2060,T648638,2025-08-13,Dress,2640.48
CUST2729,T586941,2025-08-13,Sneakers,1924.09
CUST2185,T693687,2025-08-13,Handbag,3217.24
CUST2349,T783756,2025-08-13,Watch,2201.15
CUST2321,T721806,2025-08-13,Handbag,7601.0
CUST2210,T685172,2025-08-13,Cap,4465.64
CUST2120,T588677,2025-08-13,Handbag,8748.0
CUST2165,T282228,2025-08-14,Belt,2688.61
CUST2395,T116674,2025-08-14,Cap,4425.85
CUST2312,T624279,2025-08-14,Lawn Suit,3958.73
CUST2102,T723620,2025-08-14,Handbag,3259.91
CUST2079,T501851,2025-08-14,Handbag,4691.77
CUST2659,T780692,2025-08-15,Sneakers,7623.82
CUST2138,T491436,2025-08-15,Cap,2265.29
CUST2132,T555416,2025-08-15,Saree,3316.55
CUST2532,T117000,2025-08-15,Cap,1989.37
CUST2056,T725149,2025-08-15,Dress,1733.45
CUST2021,T317631,2025-08-15,Belt,6682.63
CUST2016,T652161,2025-08-15,Dress,3041.33
CUST2630,T703770,2025-08-15,Sneakers,2988.71
CUST2377,T753606,2025-08-16,Lawn Suit,2020.08
CUST2320,T963773,2025-08-16,Belt,2460.22
CUST2441,T417751,2025-08-16,Saree,2372.95
CUST2074,T130644,2025-08-16,Kurti,9304.86
CUST2433,T428335,2025-08-16,Lawn Suit,2637.8
CUST2529,T288538,2025-08-16,Saree,3447.63
CUST2650,T536332,2025-08-16,Dress,2693.21
CUST2294,T146385,2025-08-16,Saree,1783.24
CUST2788,T224740,2025-08-16,Saree,3938.42
CUST2554,T399429,2025-08-16,Formal Shoes,7268.7
CUST2090,T752988,2025-08-16,Formal Shoes,4319.4
CUST2439,T389096,2025-08-17,Watch,7745.3
CUST2608,T722765,2025-08-17,Blazer,1705.2
CUST2105,T358504,2025-08-17,Lawn Suit,2298.03
CUST2779,T122687,2025-08-17,Dress,4723.27
CUST2526,T337609,2025-08-17,Belt,4161.01
CUST2450,T970166,2025-08-17,Belt,3116.25
CUST2169,T433920,2025-08-17,Dress,973.72
CUST2357,T175703,2025-08-18,Cap,4273.43
CUST2766,T688796,2025-08-18,Sneakers,3564.65
CUST2120,T612491,2025-08-18,Cap,4380.27
CUST2743,T347425,2025-08-18,Cap,3797.63
CUST2262,T997795,2025-08-18,Jeans,5047.75
CUST2470,T531250,2025-08-18,Handbag,7025.84
CUST2290,T540905,2025-08-18,Formal Shoes,4184.83
CUST2720,T754550,2025-08-18,Blazer,8224.66
CUST2010,T875882,2025-08-18,Saree,1731.94
CUST2107,T674020,2025-08-18,Cap,1644.93
CUST2641,T529604,2025-08-19,Saree,2230.57
CUST2753,T855203,2025-08-19,Belt,7902.97
CUST2775,T280100,2025-08-19,Lawn Suit,6187.2
CUST2430,T995428,2025-08-19,Sneakers,2485.87
CUST2006,T641685,2025-08-19,Cap,7239.11
CUST2272,T705999,2025-08-19,Dress,2051.34
CUST2173,T271512,2025-08-19,Formal Shoes,3887.09
CUST2625,T430466,2025-08-19,Saree,3028.61
CUST2480,T971096,2025-08-19,Jeans,1647.77
CUST2037,T493134,2025-08-19,Saree,4389.06
CUST2542,T758205,2025-08-19,Jeans,4665.79
CUST2596,T564508,2025-08-19,Formal Shoes,5210.51
CUST2531,T528432,2025-08-19,Handbag,4972.8
CUST2730,T842781,2025-08-19,Kurti,4212.54
CUST2268,T136155,2025-08-19,Jeans,1910.39
CUST2519,T840347,2025-08-19,Sneakers,3926.64
CUST2426,T358331,2025-08-19,Lawn Suit,3708.94
CUST2239,T628711,2025-08-20,Jeans,968.34
CUST2535,T554882,2025-08-20,Blazer,2219.61
CUST2351,T366839,2025-08-20,Belt,6071.33
CUST2096,T134067,2025-08-20,Belt,3314.87
CUST2785,T307743,2025-08-20,Handbag,8177.46
CUST2498,T625730,2025-08-20,Dress,3754.72
CUST2055,T187277,2025-08-20,Lawn Suit,5621.04
CUST2131,T823337,2025-08-20,Formal Shoes,2617.99
CUST2256,T314434,2025-08-20,Kurti,3559.71
CUST2682,T961295,2025-08-20,Belt,3232.2
CUST2512,T289724,2025-08-20,Watch,5215.58
CUST2212,T323613,2025-08-20,Lawn Suit,5859.1
CUST2117,T281398,2025-08-20,Formal Shoes,5653.83
CUST2684,T581817,2025-08-21,Dress,8350.75
CUST2414,T169474,2025-08-21,Kurti,3026.8
CUST2079,T275889,2025-08-21,Lawn Suit,9325.06
CUST2008,T151035,2025-08-21,Dress,1283.16
CUST2246,T445820,2025-08-21,Kurti,5479.67
CUST2676,T961106,2025-08-21,Blazer,9810.66
CUST2669,T482824,2025-08-21,Sneakers,3102.08
CUST2025,T635420,2025-08-21,Belt,2618.36
CUST2044,T753098,2025-08-21,Handbag,3591.41
CUST2567,T194704,2025-08-21,Handbag,3360.07
CUST2503,T612135,2025-08-21,Formal Shoes,3937.41
CUST2186,T212111,2025-08-21,Dress,3964.03
CUST2717,T445859,2025-08-21,Blazer,1672.97
CUST2549,T690270,2025-08-22,Jeans,9986.31
CUST2733,T449269,2025-08-22,Belt,5203.61
CUST2380,T199403,2025-08-22,Belt,8204.15
CUST2310,T748053,2025-08-22,Dress,2865.86
CUST2273,T174112,2025-08-22,Cap,1327.27
CUST2114,T226844,2025-08-22,Saree,6235.59
CUST2345,T418760,2025-08-23,Watch,1407.6
CUST2402,T337358,2025-08-23,Lawn Suit,8209.84
CUST2435,T734656,2025-08-23,Belt,9862.69
CUST2244,T351919,2025-08-23,Sneakers,5611.95
CUST2277,T878036,2025-08-23,Formal Shoes,1411.98
CUST2023,T347750,2025-08-23,Jeans,8252.87
CUST2463,T855222,2025-08-23,Kurti,2532.93
CUST2329,T904353,2025-08-23,Watch,9155.49
CUST2065,T944413,2025-08-23,Sneakers,3101.24
CUST2723,T649307,2025-08-23,Belt,3195.15
CUST2606,T404014,2025-08-24,Sneakers,3677.93
CUST2636,T308002,2025-08-24,Jeans,2952.77
CUST2263,T107591,2025-08-24,Formal Shoes,6133.26
CUST2571,T716363,2025-08-24,Dress,5031.59
CUST2062,T406180,2025-08-24,Formal Shoes,1793.35
CUST2355,T696409,2025-08-24,Watch,6157.93
CUST2369,T503611,2025-08-24,Formal Shoes,5359.07
CUST2494,T486053,2025-08-24,Saree,2631.83
CUST2093,T551262,2025-08-24,Belt,2609.75
CUST2290,T829046,2025-08-24,Kurti,4459.93
CUST2338,T680013,2025-08-25,Handbag,1573.37
CUST2328,T689642,2025-08-25,Dress,4428.85
CUST2431,T328212,2025-08-25,Kurti,7440.7
CUST2374,T701358,2025-08-25,Formal Shoes,3922.53
CUST2441,T613230,2025-08-25,Watch,2340.19
CUST2397,T388008,2025-08-25,Lawn Suit,7368.52
CUST2390,T839415,2025-08-25,Belt,2907.39
CUST2799,T334767,2025-08-25,Watch,1048.95
CUST2078,T571434,2025-08-25,Saree,1510.91
CUST2786,T683578,2025-08-25,Jeans,2400.85
CUST2072,T959755,2025-08-25,Kurti,957.68
CUST2016,T956197,2025-08-25,Lawn Suit,1430.95
CUST2512,T198739,2025-08-25,Handbag,7140.74
CUST2245,T943826,2025-08-25,Cap,3583.41
CUST2238,T370094,2025-08-25,Handbag,3986.68
CUST2265,T699200,2025-08-25,Sneakers,6875.3
CUST2750,T202611,2025-08-25,Belt,2451.26
CUST2644,T842910,2025-08-25,Cap,2476.67
CUST2617,T560620,2025-08-25,Saree,5225.99
CUST2619,T758361,2025-08-26,Dress,1038.27
CUST2725,T343725,2025-08-26,Jeans,8353.83
CUST2210,T181922,2025-08-26,Jeans,3305.88
CUST2211,T701481,2025-08-26,Blazer,2381.29
CUST2113,T742545,2025-08-26,Lawn Suit,1664.8
CUST2057,T692982,2025-08-26,Saree,4122.08
CUST2754,T676826,2025-08-26,Handbag,7835.2
CUST2790,T592876,2025-08-26,Sneakers,1185.77
CUST2486,T131111,2025-08-26,Saree,3160.36
CUST2213,T475541,2025-08-26,Sneakers,2402.62
CUST2575,T701717,2025-08-26,Watch,3773.28
CUST2567,T382328,2025-08-27,Cap,3551.61
CUST2209,T276502,2025-08-27,Cap,7337.89
CUST2042,T442560,2025-08-27,Cap,1904.19
CUST2738,T678861,2025-08-27,Blazer,1958.39
CUST2779,T878460,2025-08-27,Dress,5363.58
CUST2064,T814550,2025-08-27,Lawn Suit,1684.87
CUST2276,T738134,2025-08-27,Formal Shoes,5278.42
CUST2099,T999471,2025-08-27,Blazer,8476.93
CUST2795,T133467,2025-08-27,Formal Shoes,2765.52
CUST2354,T486701,2025-08-27,Blazer,8122.33
CUST2709,T605211,2025-08-27,Kurti,3254.19
CUST2629,T204479,2025-08-28,Lawn Suit,7882.19
CUST2347,T676294,2025-08-28,Dress,2769.03
CUST2122,T447190,2025-08-28,Lawn Suit,1969.14
CUST2100,T451873,2025-08-28,Saree,2334.63
CUST2048,T190986,2025-08-28,Saree,3143.7
CUST2049,T577519,2025-08-28,Blazer,2669.17
CUST2559,T730061,2025-08-28,Watch,6391.5
CUST2712,T962300,2025-08-28,Watch,4118.36
CUST2491,T718465,2025-08-28,Kurti,1816.93
CUST2214,T284732,2025-08-28,Belt,2737.78
CUST2654,T275953,2025-08-28,Sneakers,2853.92
CUST2582,T782853,2025-08-28,Blazer,4801.27
CUST2159,T481399,2025-08-28,Blazer,4979.73
CUST2378,T564209,2025-08-28,Kurti,3651.74
CUST2671,T950471,2025-08-29,Kurti,3986.51
CUST2604,T789887,2025-08-29,Formal Shoes,4720.04
CUST2694,T830933,2025-08-29,Kurti,3444.51
CUST2793,T338265,2025-08-29,Formal Shoes,2921.07
CUST2098,T851766,2025-08-29,Belt,9164.98
CUST2399,T803376,2025-08-29,Belt,2806.74
CUST2548,T348262,2025-08-29,Formal Shoes,1478.27
CUST2523,T418291,2025-08-29,Handbag,3511.04
CUST2543,T701683,2025-08-29,Watch,2001.58
CUST2163,T980705,2025-08-30,Watch,8002.95
CUST2430,T563516,2025-08-30,Dress,1915.64
CUST2282,T810321,2025-08-30,Sneakers,3333.43
CUST2342,T408485,2025-08-30,Formal Shoes,1533.92
CUST2352,T670006,2025-08-30,Watch,10373.03
CUST2591,T994789,2025-08-30,Blazer,3363.23
CUST2552,T904612,2025-08-30,Lawn Suit,6076.62
CUST2144,T305580,2025-08-30,Formal Shoes,4700.02
CUST2526,T937836,2025-08-30,Lawn Suit,1499.27
CUST2364,T861644,2025-08-31,Dress,3144.21
CUST2505,T932174,2025-08-31,Belt,4109.26
CUST2339,T315144,2025-08-31,Kurti,7444.37
CUST2483,T605146,2025-08-31,Lawn Suit,2690.42
CUST2481,T898386,2025-08-31,Saree,3625.58
CUST2032,T736361,2025-08-31,Jeans,6641.17
CUST2680,T636711,2025-08-31,Formal Shoes,2989.21
CUST2532,T337701,2025-08-31,Sneakers,1450.26
CUST2167,T399175,2025-08-31,Watch,1253.99
CUST2286,T801149,2025-08-31,Saree,2876.28
CUST2175,T655211,2025-08-31,Kurti,2112.59
CUST2472,T175695,2025-08-31,Cap,944.1
CUST2207,T576000,2025-08-31,Handbag,3205.56
CUST2757,T230800,2025-08-31,Handbag,1966.94
CUST2046,T391001,2025-08-31,Lawn Suit,8052.22
CUST2309,T307294,2025-08-31,Cap,2632.78
CUST2218,T350055,2025-08-31,Handbag,5826.04
CUST2199,T358791,2025-08-31,Watch,1825.36
CUST2353,T297348,2025-08-31,Saree,3825.06
CUST2187,T488040,2025-09-01,Handbag,6452.27
CUST2029,T318517,2025-09-01,Belt,3961.84
CUST2083,T840010,2025-09-01,Jeans,4136.1
CUST2594,T941248,2025-09-01,Dress,4854.54
CUST2438,T475699,2025-09-01,Cap,2961.9
CUST2525,T412636,2025-09-01,Dress,2933.61
CUST2650,T486418,2025-09-01,Jeans,1758.32
CUST2268,T128349,2025-09-01,Blazer,2101.11
CUST2182,T779666,2025-09-01,Saree,3105.0
CUST2024,T376737,2025-09-01,Handbag,5272.1
CUST2563,T474401,2025-09-02,Formal Shoes,7650.61
CUST2366,T863586,2025-09-02,Watch,3462.93
CUST2462,T324284,2025-09-02,Lawn Suit,3778.11
CUST2235,T164361,2025-09-02,Sneakers,7816.33
CUST2685,T840034,2025-09-02,Belt,2907.62
CUST2264,T694439,2025-09-02,Handbag,6142.98
CUST2512,T180997,2025-09-02,Sneakers,6341.08
CUST2197,T634553,2025-09-02,Lawn Suit,4610.27
CUST2735,T216636,2025-09-02,Cap,3177.66
CUST2734,T838232,2025-09-02,Kurti,3326.59
CUST2262,T132780,2025-09-02,Sneakers,5487.98
CUST2225,T619208,2025-09-02,Formal Shoes,4546.43
CUST2003,T103855,2025-09-02,Kurti,1707.07
CUST2633,T379421,2025-09-02,Lawn Suit,2637.95
CUST2468,T932517,2025-09-02,Belt,2760.19
CUST2676,T603255,2025-09-02,Watch,7068.23
CUST2672,T435248,2025-09-02,Kurti,6180.63
CUST2536,T917911,2025-09-02,Saree,8800.12
CUST2150,T800778,2025-09-02,Belt,3030.66
CUST2333,T593575,2025-09-02,Belt,3388.77
CUST2796,T485762,2025-09-03,Lawn Suit,3630.39
CUST2453,T443728,2025-09-03,Handbag,1994.19
CUST2063,T743335,2025-09-03,Sneakers,3910.14
CUST2745,T292590,2025-09-03,Jeans,3750.33
CUST2720,T177966,2025-09-03,Belt,6832.48
CUST2739,T253900,2025-09-03,Lawn Suit,4883.83
CUST2370,T722733,2025-09-03,Handbag,4241.12
CUST2699,T174268,2025-09-03,Cap,3834.45
CUST2582,T905379,2025-09-03,Saree,7127.69
CUST2318,T793136,2025-09-03,Saree,4148.03
CUST2474,T839650,2025-09-03,Watch,1617.1
CUST2602,T704452,2025-09-03,Kurti,1375.81
CUST2112,T772441,2025-09-03,Lawn Suit,8373.18
CUST2154,T129556,2025-09-03,Lawn Suit,3280.19
CUST2371,T235940,2025-09-03,Formal Shoes,6465.97
CUST2185,T277116,2025-09-03,Watch,8410.96
CUST2403,T364384,2025-09-03,Sneakers,2914.93
CUST2603,T961925,2025-09-03,Watch,9317.47
CUST2429,T561195,2025-09-04,Cap,4370.76
CUST2380,T197909,2025-09-04,Blazer,7495.55
CUST2214,T686650,2025-09-04,Belt,2181.67
CUST2797,T810425,2025-09-04,Blazer,3362.61
CUST2146,T288650,2025-09-04,Watch,2936.41
CUST2385,T184918,2025-09-04,Handbag,3862.84
CUST2347,T133022,2025-09-04,Cap,2523.74
CUST2273,T623511,2025-09-04,Blazer,2551.18
CUST2596,T675755,2025-09-04,Belt,8522.6
CUST2267,T224640,2025-09-04,Kurti,2814.9
CUST2114,T890467,2025-09-04,Saree,7052.38
CUST2427,T741864,2025-09-04,Dress,3700.86
CUST2567,T476328,2025-09-05,Lawn Suit,4311.22
CUST2791,T721678,2025-09-05,Formal Shoes,4120.93
CUST2775,T606181,2025-09-05,Blazer,9670.29
CUST2756,T668727,2025-09-05,Saree,5996.53
CUST2215,T686292,2025-09-05,Blazer,4551.52
CUST2090,T104816,2025-09-05,Saree,7418.68
CUST2708,T624335,2025-09-05,Blazer,6902.51
CUST2248,T724648,2025-09-05,Cap,3409.81
CUST2475,T327830,2025-09-05,Watch,2928.23
CUST2728,T701760,2025-09-05,Belt,4362.15
CUST2404,T945489,2025-09-05,Handbag,6568.39
CUST2693,T224694,2025-09-06,Sneakers,4655.13
CUST2714,T195062,2025-09-06,Formal Shoes,4544.42
CUST2315,T927596,2025-09-06,Watch,1592.91
CUST2641,T651847,2025-09-06,Saree,2378.47
CUST2131,T732309,2025-09-06,Saree,1483.02
CUST2595,T638270,2025-09-06,Kurti,1343.44
CUST2575,T652157,2025-09-07,Jeans,3744.26
CUST2438,T727777,2025-09-07,Cap,3498.63
CUST2715,T262688,2025-09-07,Watch,1785.02
CUST2623,T165229,2025-09-07,Handbag,4303.66
CUST2702,T130039,2025-09-07,Formal Shoes,4538.14
CUST2201,T522644,2025-09-07,Belt,3456.03
CUST2323,T863237,2025-09-07,Saree,2247.06
CUST2787,T459203,2025-09-07,Formal Shoes,7938.63
CUST2196,T102835,2025-09-07,Belt,5653.56
CUST2480,T240405,2025-09-07,Dress,3551.56
CUST2039,T495989,2025-09-07,Dress,4751.38
CUST2550,T628054,2025-09-07,Blazer,4239.07
CUST2212,T896435,2025-09-08,Formal Shoes,3691.49
CUST2580,T668713,2025-09-08,Cap,2034.98
CUST2008,T151253,2025-09-08,Lawn Suit,1630.94
CUST2619,T169610,2025-09-08,Saree,1303.14
CUST2305,T104688,2025-09-08,Cap,3876.63
CUST2723,T985963,2025-09-08,Jeans,9509.45
CUST2401,T600488,2025-09-08,Cap,1235.52
CUST2074,T188405,2025-09-08,Belt,7833.73
CUST2599,T478850,2025-09-09,Watch,4853.91
CUST2194,T462613,2025-09-09,Sneakers,7824.73
CUST2203,T651953,2025-09-09,Kurti,3079.04
CUST2063,T499717,2025-09-09,Jeans,6442.86
CUST2519,T160121,2025-09-09,Belt,4025.64
CUST2544,T437610,2025-09-09,Belt,2670.73
CUST2584,T899458,2025-09-09,Watch,6923.4
CUST2098,T349431,2025-09-09,Jeans,9045.13
CUST2256,T283716,2025-09-09,Handbag,7219.37
CUST2000,T489523,2025-09-09,Dress,2040.7
CUST2107,T776398,2025-09-09,Sneakers,2876.53
CUST2662,T112811,2025-09-09,Lawn Suit,4872.6
CUST2782,T298388,2025-09-09,Cap,3137.73
CUST2794,T229447,2025-09-10,Sneakers,3787.48
CUST2192,T365791,2025-09-10,Jeans,8112.98
CUST2557,T533063,2025-09-10,Blazer,5339.63
CUST2617,T305536,2025-09-10,Lawn Suit,8277.99
CUST2104,T340771,2025-09-10,Dress,2906.07
CUST2455,T488241,2025-09-10,Belt,4201.78
CUST2627,T844868,2025-09-10,Belt,4058.79
CUST2042,T546389,2025-09-10,Dress,2120.18
CUST2276,T910685,2025-09-10,Belt,3763.95
CUST2656,T912346,2025-09-10,Formal Shoes,1899.52
CUST2746,T430267,2025-09-10,Jeans,1149.62
CUST2011,T610242,2025-09-10,Kurti,2960.45
CUST2690,T903872,2025-09-11,Cap,1802.7
CUST2452,T131603,2025-09-11,Saree,1910.02
CUST2500,T409400,2025-09-11,Belt,2702.18
CUST2506,T840510,2025-09-11,Saree,3558.16
CUST2280,T871947,2025-09-11,Cap,1651.44
CUST2312,T547287,2025-09-11,Belt,2064.0
CUST2663,T853245,2025-09-11,Watch,9933.63
CUST2614,T437229,2025-09-11,Watch,4862.16
CUST2712,T525682,2025-09-11,Watch,2823.17
CUST2764,T416958,2025-09-11,Kurti,4180.93
CUST2516,T288885,2025-09-11,Handbag,6381.52
CUST2632,T715748,2025-09-11,Kurti,2980.45
CUST2332,T153131,2025-09-11,Handbag,2055.79
CUST2556,T728768,2025-09-11,Watch,2106.48
CUST2174,T772003,2025-09-11,Saree,8057.61
CUST2543,T103477,2025-09-12,Blazer,940.43
CUST2702,T765534,2025-09-12,Lawn Suit,3783.89
CUST2699,T432807,2025-09-12,Saree,1968.25
CUST2163,T634661,2025-09-12,Cap,3749.83
CUST2089,T965103,2025-09-12,Formal Shoes,1752.96
CUST2397,T625294,2025-09-12,Watch,7469.44
CUST2510,T449020,2025-09-12,Cap,1111.73
CUST2457,T419061,2025-09-12,Formal Shoes,2972.55
CUST2234,T486374,2025-09-12,Dress,4202.45
CUST2628,T160802,2025-09-13,Watch,3636.72
CUST2546,T500367,2025-09-13,Jeans,2675.07
CUST2724,T787675,2025-09-13,Blazer,1492.75
CUST2719,T555839,2025-09-13,Handbag,3436.74
CUST2646,T911799,2025-09-13,Cap,859.63
CUST2499,T557021,2025-09-13,Blazer,2546.49
CUST2291,T132993,2025-09-13,Belt,4581.92
CUST2705,T493413,2025-09-13,Blazer,4067.68
CUST2248,T563315,2025-09-13,Jeans,2108.69
CUST2495,T651707,2025-09-14,Belt,8019.5
CUST2422,T479236,2025-09-14,Saree,2686.27
CUST2343,T199710,2025-09-14,Watch,4624.47
CUST2596,T572472,2025-09-14,Formal Shoes,7621.08
CUST2682,T745982,2025-09-14,Kurti,2209.91
CUST2055,T234168,2025-09-14,Cap,8122.4
CUST2560,T397903,2025-09-14,Lawn Suit,1843.42
CUST2520,T603853,2025-09-14,Dress,4483.4
CUST2219,T147611,2025-09-14,Jeans,1487.34
CUST2603,T896388,2025-09-14,Watch,6050.96
CUST2318,T123053,2025-09-14,Kurti,7336.97
CUST2473,T545862,2025-09-14,Kurti,3758.59
CUST2747,T584095,2025-09-14,Belt,5853.5
CUST2321,T582075,2025-09-14,Blazer,4135.46
CUST2364,T375180,2025-09-14,Dress,4374.63
CUST2763,T715558,2025-09-15,Kurti,4207.75
CUST2119,T396330,2025-09-15,Kurti,2006.89
CUST2625,T226634,2025-09-15,Formal Shoes,5381.7
CUST2443,T279554,2025-09-15,Lawn Suit,1371.07
CUST2604,T991278,2025-09-15,Cap,3967.55
CUST2123,T445535,2025-09-15,Cap,1939.85
CUST2378,T848885,2025-09-15,Dress,3473.6
CUST2317,T465596,2025-09-15,Lawn Suit,3042.05
CUST2145,T247377,2025-09-15,Watch,2522.75
CUST2329,T618181,2025-09-15,Dress,3647.29
CUST2337,T366182,2025-09-15,Jeans,4592.26
CUST2220,T200366,2025-09-15,Belt,2767.0
CUST2165,T936663,2025-09-15,Jeans,4185.69
CUST2730,T331234,2025-09-16,Sneakers,1750.37
CUST2762,T795039,2025-09-16,Blazer,2839.25
CUST2436,T722783,2025-09-16,Sneakers,1957.54
CUST2739,T837054,2025-09-16,Saree,4205.95
CUST2537,T768253,2025-09-16,Watch,2466.74
CUST2150,T778003,2025-09-16,Saree,1926.77
CUST2681,T310462,2025-09-16,Cap,1585.94
CUST2093,T850358,2025-09-16,Formal Shoes,3666.7
CUST2529,T790984,2025-09-16,Handbag,3273.72
CUST2761,T751521,2025-09-16,Cap,2556.16
CUST2711,T214563,2025-09-16,Sneakers,4487.45
CUST2424,T979182,2025-09-16,Formal Shoes,4526.0
CUST2025,T367834,2025-09-16,Handbag,4164.09
CUST2542,T879674,2025-09-16,Belt,2733.55
CUST2786,T623275,2025-09-16,Saree,2046.77
CUST2419,T827280,2025-09-17,Sneakers,5118.44
CUST2749,T596067,2025-09-17,Dress,5475.53
CUST2465,T622103,2025-09-17,Lawn Suit,2370.91
CUST2505,T210738,2025-09-17,Jeans,4215.1
CUST2470,T225010,2025-09-17,Jeans,7194.5
CUST2623,T273174,2025-09-17,Blazer,3158.73
CUST2107,T417543,2025-09-17,Handbag,2136.31
CUST2500,T746241,2025-09-17,Blazer,4329.13
CUST2788,T379657,2025-09-17,Saree,3773.13
CUST2046,T424009,2025-09-17,Belt,4057.48
CUST2510,T604346,2025-09-17,Handbag,2634.84
CUST2283,T787621,2025-09-18,Sneakers,2117.89
CUST2728,T443901,2025-09-18,Lawn Suit,3195.84
CUST2512,T898456,2025-09-18,Handbag,3289.83
CUST2161,T774278,2025-09-18,Blazer,1108.24
CUST2566,T658338,2025-09-18,Saree,3551.41
CUST2721,T922922,2025-09-18,Blazer,796.67
CUST2209,T934541,2025-09-18,Kurti,3261.25
CUST2643,T617263,2025-09-18,Handbag,1709.15
CUST2498,T768930,2025-09-18,Lawn Suit,1644.98
CUST2664,T297303,2025-09-18,Saree,1679.11
CUST2523,T851450,2025-09-18,Belt,1778.4
CUST2454,T391469,2025-09-19,Saree,2753.49
CUST2759,T545365,2025-09-19,Handbag,3113.3
CUST2009,T948053,2025-09-19,Handbag,3103.39
CUST2299,T633964,2025-09-19,Sneakers,2100.98
CUST2311,T424805,2025-09-19,Formal Shoes,2925.79
CUST2270,T444933,2025-09-19,Saree,4691.83
CUST2669,T590735,2025-09-19,Cap,3707.9
CUST2606,T369771,2025-09-19,Kurti,3119.36
CUST2371,T650573,2025-09-19,Watch,4608.53
CUST2478,T651833,2025-09-19,Lawn Suit,2265.81
CUST2167,T620965,2025-09-19,Watch,1679.34
CUST2723,T338689,2025-09-20,Formal Shoes,3786.16
CUST2710,T387088,2025-09-20,Handbag,1379.26
CUST2494,T266806,2025-09-20,Dress,1046.86
CUST2758,T876775,2025-09-20,Handbag,9094.63
CUST2096,T768168,2025-09-20,Dress,5758.87
CUST2337,T762837,2025-09-20,Watch,3335.27
CUST2473,T162268,2025-09-20,Belt,1867.23
CUST2067,T488114,2025-09-20,Kurti,6391.51
CUST2693,T919352,2025-09-20,Jeans,6518.96
CUST2108,T124555,2025-09-20,Jeans,3560.22
CUST2344,T302823,2025-09-20,Handbag,6506.01
CUST2703,T644346,2025-09-20,Jeans,1696.66
CUST2550,T420197,2025-09-20,Blazer,4298.91
CUST2078,T815960,2025-09-20,Dress,3216.89
CUST2312,T547513,2025-09-21,Belt,2471.94
CUST2404,T474018,2025-09-21,Belt,8218.65
CUST2582,T999077,2025-09-21,Dress,9114.71
CUST2331,T451990,2025-09-21,Cap,3810.41
CUST2213,T404396,2025-09-21,Sneakers,3628.9
CUST2691,T452461,2025-09-21,Handbag,8201.18
CUST2140,T367207,2025-09-21,Kurti,886.41
CUST2630,T898931,2025-09-22,Lawn Suit,4428.71
CUST2477,T845479,2025-09-22,Saree,3072.67
CUST2120,T305734,2025-09-22,Blazer,9060.03
CUST2297,T656667,2025-09-22,Kurti,1078.46
CUST2518,T951495,2025-09-22,Sneakers,1704.84
CUST2781,T371472,2025-09-22,Kurti,4432.37
CUST2432,T454802,2025-09-22,Watch,3928.79
CUST2431,T435854,2025-09-22,Watch,3912.88
CUST2795,T737834,2025-09-23,Watch,2557.25
CUST2653,T397741,2025-09-23,Sneakers,4096.33
CUST2548,T907889,2025-09-23,Saree,2795.97
CUST2260,T410060,2025-09-23,Saree,8444.62
CUST2561,T134198,2025-09-23,Kurti,7629.22
CUST2071,T424602,2025-09-23,Formal Shoes,1529.42
CUST2716,T447105,2025-09-23,Kurti,2201.94
CUST2131,T396665,2025-09-23,Belt,1321.83
CUST2293,T268665,2025-09-23,Lawn Suit,2362.75
CUST2506,T747605,2025-09-23,Handbag,3290.0
CUST2204,T977690,2025-09-23,Jeans,4070.75
CUST2729,T743114,2025-09-23,Kurti,5165.53
CUST2326,T678932,2025-09-23,Belt,5376.61
CUST2734,T506358,2025-09-24,Watch,3871.55
CUST2052,T430326,2025-09-24,Blazer,8573.8
CUST2541,T889774,2025-09-24,Sneakers,780.27
CUST2663,T510771,2025-09-24,Blazer,6909.7
CUST2062,T380550,2025-09-24,Handbag,899.11
CUST2711,T396433,2025-09-24,Sneakers,7685.86
CUST2187,T818600,2025-09-24,Belt,2850.44
CUST2636,T578686,2025-09-24,Watch,2907.48
CUST2357,T235150,2025-09-24,Dress,2306.39
CUST2080,T994102,2025-09-24,Cap,3233.86
CUST2674,T327554,2025-09-24,Sneakers,3465.75
CUST2179,T581402,2025-09-25,Kurti,8937.4
CUST2142,T124393,2025-09-25,Formal Shoes,1898.42
CUST2450,T724273,2025-09-25,Jeans,1325.85
CUST2495,T691991,2025-09-25,Watch,4071.88
CUST2535,T545632,2025-09-25,Saree,3074.23
CUST2657,T944892,2025-09-25,Saree,3642.97
CUST2125,T833582,2025-09-25,Lawn Suit,1732.98
CUST2395,T281737,2025-09-25,Blazer,3177.22
CUST2416,T432814,2025-09-25,Lawn Suit,2126.77
CUST2446,T500794,2025-09-25,Handbag,2272.21
CUST2137,T867252,2025-09-25,Watch,3520.89
CUST2014,T468865,2025-09-25,Formal Shoes,2176.89
CUST2351,T251881,2025-09-25,Handbag,7825.76
CUST2647,T496678,2025-09-25,Dress,1794.89
CUST2059,T942963,2025-09-25,Belt,3171.38
CUST2527,T443939,2025-09-26,Sneakers,1062.3
CUST2671,T643485,2025-09-26,Sneakers,3172.27
CUST2796,T241717,2025-09-26,Handbag,2719.68
CUST2689,T364486,2025-09-26,Formal Shoes,2602.0
CUST2545,T803911,2025-09-26,Handbag,3774.23
CUST2006,T835674,2025-09-26,Sneakers,3520.92
CUST2462,T657121,2025-09-26,Cap,2160.13
CUST2553,T998638,2025-09-26,Belt,6404.16
CUST2190,T532888,2025-09-26,Formal Shoes,3361.29
CUST2484,T540310,2025-09-26,Kurti,2619.4
CUST2549,T423326,2025-09-26,Sneakers,3516.32
CUST2085,T176967,2025-09-26,Jeans,4986.14
CUST2648,T580356,2025-09-26,Saree,5181.19
CUST2773,T786997,2025-09-26,Saree,3376.75
CUST2191,T775972,2025-09-27,Jeans,1992.55
CUST2098,T307625,2025-09-27,Belt,2843.18
CUST2637,T462225,2025-09-27,Watch,1467.58
CUST2463,T701134,2025-09-27,Belt,1838.99
CUST2040,T757245,2025-09-27,Lawn Suit,3404.23
CUST2720,T108464,2025-09-27,Lawn Suit,7295.9
CUST2761,T869723,2025-09-27,Sneakers,3280.54
CUST2767,T161103,2025-09-28,Kurti,2430.72
CUST2522,T596533,2025-09-28,Dress,2608.1
CUST2389,T903610,2025-09-28,Dress,801.97
CUST2094,T370373,2025-09-28,Sneakers,3537.75
CUST2301,T841935,2025-09-28,Blazer,4186.47
CUST2516,T528482,2025-09-28,Formal Shoes,9461.64
CUST2105,T711250,2025-09-28,Jeans,4107.39
CUST2056,T885045,2025-09-28,Formal Shoes,931.25
CUST2103,T643801,2025-09-29,Watch,2969.29
CUST2567,T958618,2025-09-29,Sneakers,2338.4
CUST2561,T542363,2025-09-29,Sneakers,8698.57
CUST2173,T548016,2025-09-29,Blazer,1618.06
CUST2480,T235811,2025-09-29,Dress,2126.72
CUST2459,T443615,2025-09-29,Cap,1870.37
CUST2361,T218483,2025-09-29,Handbag,1807.34
CUST2157,T874266,2025-09-29,Sneakers,2093.31
CUST2420,T460024,2025-09-29,Dress,2461.04
CUST2666,T200254,2025-09-29,Dress,3079.08
CUST2117,T616667,2025-09-29,Jeans,3123.68
CUST2397,T229603,2025-09-29,Formal Shoes,8653.73
CUST2335,T877495,2025-09-29,Jeans,2347.93
CUST2222,T128869,2025-09-29,Jeans,1746.49
CUST2055,T690220,2025-09-29,Belt,6087.87
CUST2295,T612301,2025-09-29,Sneakers,2980.25
CUST2343,T173257,2025-09-29,Lawn Suit,3822.81
CUST2621,T696073,2025-09-30,Handbag,3613.21
CUST2791,T260610,2025-09-30,Dress,5374.17
CUST2048,T486149,2025-09-30,Saree,3576.57
CUST2476,T961885,2025-09-30,Kurti,1982.37
CUST2223,T670968,2025-09-30,Dress,3526.34
CUST2175,T190808,2025-09-30,Kurti,4053.88
CUST2144,T594445,2025-09-30,Belt,2603.91
CUST2717,T125006,2025-09-30,Lawn Suit,2146.69
CUST2674,T706063,2025-09-30,Cap,4142.24
CUST2563,T815905,2025-09-30,Handbag,8105.1
CUST2571,T241137,2025-10-01,Handbag,6653.44
CUST2325,T310102,2025-10-01,Saree,4384.55
CUST2349,T458323,2025-10-01,Cap,3197.67
CUST2039,T975155,2025-10-01,Cap,5500.63
CUST2235,T341578,2025-10-01,Kurti,6679.54
CUST2138,T159729,2025-10-01,Kurti,2183.73
CUST2544,T515740,2025-10-01,Watch,1367.31
CUST2032,T578191,2025-10-01,Saree,7885.38
CUST2554,T710137,2025-10-01,Belt,7353.25
CUST2300,T995685,2025-10-01,Kurti,3142.49
CUST2562,T387812,2025-10-01,Kurti,4298.62
CUST2409,T856992,2025-10-01,Blazer,2406.37
CUST2714,T910948,2025-10-01,Cap,2318.61
CUST2700,T670925,2025-10-01,Saree,4075.7
CUST2166,T558251,2025-10-01,Sneakers,3336.62
CUST2371,T102897,2025-10-01,Blazer,5800.33
CUST2246,T138133,2025-10-02,Watch,5708.0
CUST2608,T170850,2025-10-02,Jeans,1975.2
CUST2439,T676507,2025-10-02,Lawn Suit,5457.49
CUST2066,T124673,2025-10-02,Dress,3120.75
CUST2164,T238007,2025-10-02,Sneakers,3718.09
CUST2190,T535546,2025-10-02,Blazer,3228.72
CUST2543,T736322,2025-10-02,Jeans,1841.55
CUST2785,T917451,2025-10-03,Jeans,3592.16
CUST2097,T111968,2025-10-03,Lawn Suit,4478.28
CUST2402,T243627,2025-10-03,Dress,6127.48
CUST2365,T320060,2025-10-03,Kurti,4558.08
CUST2018,T820836,2025-10-03,Dress,1820.15
CUST2085,T175671,2025-10-03,Jeans,3572.9
CUST2381,T486505,2025-10-03,Blazer,1618.28
CUST2150,T467081,2025-10-03,Handbag,3168.28
CUST2308,T205314,2025-10-03,Watch,6555.65
CUST2310,T560882,2025-10-03,Cap,3849.69
CUST2680,T604929,2025-10-03,Cap,8254.44
CUST2199,T653496,2025-10-03,Kurti,3366.01
CUST2604,T132086,2025-10-03,Lawn Suit,6582.21
CUST2338,T745225,2025-10-03,Handbag,2958.97
CUST2229,T634090,2025-10-03,Jeans,2624.64
CUST2142,T462442,2025-10-03,Formal Shoes,2796.51
CUST2123,T686569,2025-10-04,Watch,2079.09
CUST2128,T967359,2025-10-04,Dress,3462.54
CUST2000,T524090,2025-10-04,Kurti,2812.9
CUST2060,T199689,2025-10-04,Kurti,3363.27
CUST2720,T482970,2025-10-04,Saree,6942.57
CUST2559,T686132,2025-10-04,Belt,7839.94
CUST2765,T450765,2025-10-04,Saree,2851.1
CUST2280,T610283,2025-10-04,Formal Shoes,1115.83
CUST2470,T124919,2025-10-04,Watch,7861.05
CUST2799,T409241,2025-10-04,Saree,2230.95
CUST2165,T789072,2025-10-04,Sneakers,2625.86
CUST2529,T649586,2025-10-04,Jeans,4433.73
CUST2481,T408317,2025-10-04,Blazer,3273.31
CUST2474,T829539,2025-10-04,Blazer,2833.15
CUST2659,T736475,2025-10-05,Formal Shoes,5412.67
CUST2555,T323568,2025-10-05,Saree,1859.68
CUST2369,T289781,2025-10-05,Blazer,6883.8
CUST2005,T570986,2025-10-05,Lawn Suit,2479.39
CUST2706,T454883,2025-10-05,Sneakers,2464.28
CUST2099,T230784,2025-10-05,Lawn Suit,3799.36
CUST2433,T765090,2025-10-05,Belt,2725.18
CUST2322,T958881,2025-10-05,Jeans,2511.78
CUST2392,T596053,2025-10-05,Belt,1859.47
CUST2013,T395971,2025-10-05,Dress,3173.87
CUST2404,T671353,2025-10-05,Jeans,5514.63
CUST2726,T691488,2025-10-05,Dress,1400.02
CUST2633,T154464,2025-10-05,Belt,3521.3
CUST2625,T162784,2025-10-06,Kurti,4639.86
CUST2186,T323288,2025-10-06,Belt,6220.94
CUST2607,T931153,2025-10-06,Saree,4822.29
CUST2518,T655545,2025-10-06,Jeans,4361.55
CUST2010,T342819,2025-10-06,Lawn Suit,1878.67
CUST2367,T156391,2025-10-06,Jeans,1734.96
CUST2090,T532882,2025-10-06,Dress,7388.46
CUST2733,T308762,2025-10-06,Handbag,9800.6
CUST2644,T652843,2025-10-06,Formal Shoes,3616.49
CUST2414,T452998,2025-10-06,Belt,3097.4
CUST2582,T391978,2025-10-06,Lawn Suit,7398.97
CUST2526,T763832,2025-10-06,Saree,3332.52
CUST2754,T979467,2025-10-06,Lawn Suit,8716.74
CUST2681,T926346,2025-10-06,Formal Shoes,3985.74
CUST2348,T555384,2025-10-06,Cap,2973.49
CUST2117,T471950,2025-10-06,Dress,3344.81
CUST2383,T143269,2025-10-06,Jeans,6287.26
CUST2277,T334498,2025-10-06,Watch,1933.07
CUST2210,T431220,2025-10-06,Belt,3931.61
CUST2750,T648720,2025-10-07,Jeans,4783.19
CUST2205,T286458,2025-10-07,Dress,8619.73
CUST2374,T866369,2025-10-07,Handbag,1881.99
CUST2001,T373532,2025-10-07,Jeans,2137.44
CUST2129,T453847,2025-10-07,Formal Shoes,2447.17
CUST2516,T878179,2025-10-07,Handbag,9307.33
CUST2484,T928358,2025-10-07,Saree,3180.39
CUST2793,T612983,2025-10-07,Cap,2917.93
CUST2358,T189881,2025-10-07,Saree,3547.04
CUST2390,T862993,2025-10-07,Belt,2329.8
CUST2715,T705074,2025-10-07,Saree,1488.3
CUST2196,T869768,2025-10-07,Saree,6847.45
CUST2697,T839136,2025-10-07,Formal Shoes,1897.74
CUST2268,T408810,2025-10-07,Lawn Suit,1590.47
CUST2237,T911489,2025-10-07,Cap,3214.59
CUST2634,T658839,2025-10-08,Sneakers,1163.93
CUST2065,T728042,2025-10-08,Belt,4118.53
CUST2350,T116180,2025-10-08,Lawn Suit,2479.92
CUST2574,T156452,2025-10-08,Saree,2841.3
CUST2139,T763138,2025-10-08,Blazer,1866.24
CUST2024,T418018,2025-10-08,Jeans,6763.88
CUST2426,T166915,2025-10-08,Formal Shoes,3200.29
CUST2604,T470563,2025-10-08,Dress,9465.35
CUST2531,T732033,2025-10-08,Handbag,8913.7
CUST2795,T178446,2025-10-08,Kurti,1833.36
CUST2475,T329634,2025-10-08,Blazer,3429.53
CUST2338,T845628,2025-10-08,Jeans,2692.28
CUST2218,T295087,2025-10-08,Lawn Suit,6002.71
CUST2799,T458403,2025-10-09,Formal Shoes,1309.24
CUST2743,T574433,2025-10-09,Handbag,6880.27
CUST2663,T272219,2025-10-09,Blazer,8747.8
CUST2023,T545193,2025-10-09,Belt,4175.72
CUST2699,T941591,2025-10-09,Handbag,4128.06
CUST2389,T834721,2025-10-09,Cap,1434.22
CUST2302,T544036,2025-10-09,Saree,2434.19
CUST2503,T645514,2025-10-09,Kurti,4189.61
CUST2498,T211006,2025-10-09,Sneakers,4433.11
CUST2272,T285658,2025-10-09,Cap,4568.37
CUST2549,T453584,2025-10-09,Belt,5803.47
CUST2797,T408379,2025-10-09,Handbag,3163.7
CUST2371,T444091,2025-10-10,Lawn Suit,7764.36
CUST2321,T631952,2025-10-10,Cap,3068.6
CUST2197,T778261,2025-10-10,Saree,1707.81
CUST2326,T259047,2025-10-10,Lawn Suit,7039.05
CUST2757,T421763,2025-10-10,Sneakers,1474.86
CUST2011,T586684,2025-10-10,Jeans,1765.88
CUST2238,T442210,2025-10-10,Kurti,3053.94
CUST2102,T218134,2025-10-10,Cap,4517.32
CUST2165,T502987,2025-10-10,Cap,3796.72
CUST2120,T711006,2025-10-10,Blazer,6092.46
CUST2044,T547726,2025-10-10,Saree,3451.51
CUST2166,T997294,2025-10-10,Saree,1736.67
CUST2693,T311926,2025-10-10,Formal Shoes,5874.95
CUST2728,T403237,2025-10-10,Blazer,8595.23
CUST2009,T343269,2025-10-10,Dress,4561.77
CUST2053,T533986,2025-10-11,Handbag,2126.24
CUST2766,T998681,2025-10-11,Cap,2245.55
CUST2684,T369346,2025-10-11,Saree,6243.26
CUST2109,T705641,2025-10-11,Watch,1442.65
CUST2100,T440864,2025-10-11,Belt,2502.75
CUST2595,T711731,2025-10-11,Lawn Suit,2449.12
CUST2005,T335857,2025-10-11,Kurti,2481.83
CUST2117,T188013,2025-10-11,Dress,6230.85
CUST2180,T291855,2025-10-11,Watch,1995.73
CUST2522,T140282,2025-10-11,Cap,2205.22
CUST2277,T276329,2025-10-12,Kurti,2245.21
CUST2300,T841629,2025-10-12,Watch,2986.03
CUST2037,T107685,2025-10-12,Cap,3748.15
CUST2502,T983832,2025-10-12,Handbag,2540.79
CUST2561,T205925,2025-10-12,Belt,7413.43
CUST2676,T467570,2025-10-12,Jeans,4283.81
CUST2499,T562538,2025-10-12,Sneakers,3660.65
CUST2399,T594689,2025-10-12,Jeans,2258.77
CUST2355,T542581,2025-10-12,Kurti,8232.47
CUST2526,T462383,2025-10-12,Cap,2895.19
CUST2132,T540566,2025-10-12,Lawn Suit,1618.25
CUST2429,T186399,2025-10-13,Blazer,4049.65
CUST2787,T666549,2025-10-13,Lawn Suit,6983.0
CUST2021,T573572,2025-10-13,Handbag,8051.48
CUST2726,T372472,2025-10-13,Jeans,1218.24
CUST2694,T517325,2025-10-13,Sneakers,8866.7
CUST2377,T578596,2025-10-13,Formal Shoes,4615.89
CUST2552,T732408,2025-10-13,Lawn Suit,5534.05
CUST2124,T756068,2025-10-13,Jeans,1964.92
CUST2633,T891539,2025-10-13,Watch,1378.88
CUST2468,T251857,2025-10-13,Dress,3740.58
CUST2235,T880114,2025-10-13,Belt,4638.79
CUST2264,T446407,2025-10-13,Sneakers,8375.97
CUST2714,T341213,2025-10-13,Watch,1436.93
CUST2276,T841833,2025-10-13,Saree,3829.45
CUST2560,T467438,2025-10-13,Sneakers,3711.0
CUST2222,T665618,2025-10-13,Blazer,3298.78
CUST2548,T237199,2025-10-14,Jeans,4797.86
CUST2282,T522041,2025-10-14,Saree,3959.07
CUST2591,T569163,2025-10-14,Saree,3332.57
CUST2121,T539755,2025-10-14,Jeans,3246.5
CUST2484,T253641,2025-10-14,Belt,3749.09
CUST2380,T455241,2025-10-14,Jeans,9136.95
CUST2270,T357888,2025-10-14,Jeans,1391.48
CUST2291,T840216,2025-10-14,Formal Shoes,2318.6
CUST2211,T897923,2025-10-15,Jeans,2302.3
CUST2435,T383969,2025-10-15,Dress,3505.56
CUST2097,T713442,2025-10-15,Blazer,3184.96
CUST2087,T875738,2025-10-15,Jeans,3761.8
CUST2084,T876423,2025-10-15,Lawn Suit,1906.04
CUST2727,T353929,2025-10-15,Sneakers,1009.55
CUST2337,T890876,2025-10-15,Blazer,6783.1
CUST2733,T200097,2025-10-15,Formal Shoes,3868.71
CUST2194,T307622,2025-10-15,Sneakers,7066.84
CUST2263,T975472,2025-10-15,Belt,5525.89
CUST2585,T552221,2025-10-15,Watch,1517.14
CUST2057,T851772,2025-10-15,Dress,3724.31
CUST2433,T695156,2025-10-16,Blazer,3071.64
CUST2708,T889406,2025-10-16,Jeans,3524.84
CUST2672,T107051,2025-10-16,Watch,10205.17
CUST2669,T869758,2025-10-16,Blazer,3517.55
CUST2555,T551931,2025-10-16,Belt,2371.01
CUST2048,T466305,2025-10-16,Watch,4034.32
CUST2268,T701657,2025-10-16,Cap,4105.88
CUST2753,T389120,2025-10-16,Handbag,8741.02
CUST2154,T763788,2025-10-16,Belt,2070.98
CUST2212,T828783,2025-10-16,Dress,3500.03
CUST2357,T823894,2025-10-16,Lawn Suit,2213.49
CUST2223,T961182,2025-10-16,Saree,1456.55
CUST2603,T160200,2025-10-16,Sneakers,8581.96
CUST2594,T728180,2025-10-16,Lawn Suit,1580.21
CUST2629,T110071,2025-10-16,Belt,5439.92
CUST2244,T209768,2025-10-17,Lawn Suit,6882.89
CUST2023,T902458,2025-10-17,Jeans,4064.64
CUST2545,T498400,2025-10-17,Dress,2681.23
CUST2003,T732154,2025-10-17,Belt,2647.12
CUST2321,T606296,2025-10-17,Kurti,7504.57
CUST2328,T265293,2025-10-17,Cap,8603.44
CUST2141,T417521,2025-10-17,Sneakers,1572.14
CUST2089,T708670,2025-10-17,Jeans,3948.51
CUST2420,T590034,2025-10-17,Saree,1372.14
CUST2353,T341820,2025-10-17,Watch,2949.53
CUST2215,T551837,2025-10-17,Kurti,2591.2
CUST2528,T584001,2025-10-18,Kurti,4949.7
CUST2491,T883938,2025-10-18,Cap,4002.85
CUST2163,T575627,2025-10-18,Dress,8462.78
CUST2064,T162718,2025-10-18,Kurti,2840.01
CUST2404,T551265,2025-10-18,Sneakers,9020.18
CUST2788,T489200,2025-10-18,Handbag,9862.03
CUST2138,T331379,2025-10-18,Blazer,2429.61
CUST2203,T684570,2025-10-18,Cap,3376.3
CUST2325,T326880,2025-10-18,Lawn Suit,4529.57
CUST2775,T198481,2025-10-18,Kurti,7274.59
CUST2414,T441551,2025-10-18,Jeans,4184.99
CUST2592,T730715,2025-10-18,Formal Shoes,997.21
CUST2480,T257535,2025-10-18,Cap,4885.09
CUST2764,T867296,2025-10-18,Kurti,3426.82
CUST2749,T136510,2025-10-18,Dress,9048.24
CUST2364,T214496,2025-10-19,Handbag,2709.91
CUST2516,T383467,2025-10-19,Belt,4756.45
CUST2079,T933967,2025-10-19,Sneakers,6430.23
CUST2109,T333055,2025-10-19,Sneakers,2291.6
CUST2682,T683871,2025-10-19,Watch,1610.22
CUST2531,T919873,2025-10-19,Lawn Suit,7778.66
CUST2656,T430994,2025-10-19,Sneakers,3151.02
CUST2385,T358047,2025-10-19,Watch,1780.23
CUST2653,T719017,2025-10-19,Formal Shoes,2322.58
CUST2779,T132452,2025-10-19,Lawn Suit,3419.3
CUST2339,T310115,2025-10-19,Jeans,3674.17
CUST2505,T229946,2025-10-19,Handbag,3057.15
CUST2352,T606981,2025-10-19,Dress,4043.21
CUST2265,T980517,2025-10-19,Saree,10190.5
CUST2796,T758101,2025-10-19,Belt,2042.61
CUST2238,T664801,2025-10-20,Dress,2468.05
CUST2557,T328184,2025-10-20,Belt,5856.98
CUST2614,T361849,2025-10-20,Formal Shoes,4214.3
CUST2310,T457657,2025-10-20,Lawn Suit,2438.74
CUST2431,T429369,2025-10-20,Belt,10305.4
CUST2709,T175861,2025-10-20,Cap,2331.23
CUST2355,T325424,2025-10-20,Jeans,8890.7
CUST2714,T321720,2025-10-20,Dress,4070.08
CUST2290,T858388,2025-10-20,Belt,3753.51
CUST2335,T286453,2025-10-20,Belt,2051.0
CUST2289,T719159,2025-10-21,Jeans,1604.25
CUST2354,T712174,2025-10-21,Kurti,4556.16
CUST2267,T748838,2025-10-21,Dress,1963.79
CUST2088,T444034,2025-10-21,Formal Shoes,3341.3
CUST2112,T682826,2025-10-21,Watch,3453.91
CUST2616,T776561,2025-10-21,Formal Shoes,2107.92
CUST2512,T940883,2025-10-21,Cap,6278.43
CUST2730,T883600,2025-10-21,Blazer,2066.72
CUST2649,T502028,2025-10-21,Cap,2410.91
CUST2486,T431919,2025-10-21,Kurti,2067.6
CUST2129,T547337,2025-10-21,Lawn Suit,2662.42
CUST2575,T758638,2025-10-21,Dress,4144.79
CUST2125,T462150,2025-10-21,Formal Shoes,3920.22
CUST2559,T232748,2025-10-21,Watch,6579.78
CUST2472,T963000,2025-10-21,Watch,2672.17
CUST2246,T175764,2025-10-21,Lawn Suit,8478.68
CUST2286,T589773,2025-10-21,Belt,2705.18
CUST2738,T234760,2025-10-21,Blazer,3458.05
CUST2658,T893671,2025-10-22,Watch,1633.59
CUST2795,T604589,2025-10-22,Blazer,4942.42
CUST2351,T239832,2025-10-22,Handbag,9636.09
CUST2756,T414586,2025-10-22,Blazer,3868.7
CUST2769,T652969,2025-10-22,Cap,2274.94
CUST2725,T521299,2025-10-22,Lawn Suit,3531.71
CUST2192,T346073,2025-10-22,Kurti,6645.24
CUST2044,T472205,2025-10-22,Belt,2506.14
CUST2566,T988184,2025-10-22,Saree,1710.12
CUST2076,T864716,2025-10-22,Belt,1745.14
CUST2654,T212072,2025-10-23,Blazer,3712.64
CUST2546,T839352,2025-10-23,Dress,2729.7
CUST2746,T641196,2025-10-23,Formal Shoes,1832.87
CUST2705,T193216,2025-10-23,Belt,2042.11
CUST2742,T712545,2025-10-23,Handbag,1667.73
CUST2369,T849072,2025-10-23,Jeans,3748.71
CUST2685,T794716,2025-10-23,Formal Shoes,4237.86
CUST2691,T275169,2025-10-23,Belt,6100.17
CUST2245,T987789,2025-10-23,Formal Shoes,2948.93
CUST2401,T928053,2025-10-23,Jeans,1308.51
CUST2029,T746695,2025-10-23,Jeans,2016.8
CUST2432,T753064,2025-10-23,Belt,3271.55
CUST2089,T941072,2025-10-23,Belt,3446.44
CUST2536,T179919,2025-10-23,Sneakers,7994.92
CUST2003,T138114,2025-10-23,Lawn Suit,2520.09
CUST2441,T241140,2025-10-23,Watch,3188.93
CUST2785,T299531,2025-10-23,Cap,7141.46
CUST2435,T393726,2025-10-23,Sneakers,8976.11
CUST2439,T629825,2025-10-23,Watch,4123.76
CUST2358,T987041,2025-10-23,Jeans,2781.86
CUST2532,T791061,2025-10-24,Jeans,2083.78
CUST2567,T273139,2025-10-24,Lawn Suit,3430.5
CUST2606,T985967,2025-10-24,Belt,2026.78
CUST2523,T788842,2025-10-24,Blazer,2823.58
CUST2636,T589318,2025-10-24,Cap,3649.17
CUST2541,T663605,2025-10-24,Sneakers,987.22
CUST2404,T768498,2025-10-24,Kurti,5797.64
CUST2071,T886179,2025-10-24,Blazer,4750.76
CUST2221,T634643,2025-10-24,Blazer,2983.98
CUST2283,T351242,2025-10-24,Cap,2912.65
CUST2209,T645812,2025-10-24,Belt,8024.39
CUST2262,T275928,2025-10-24,Lawn Suit,6351.65
CUST2159,T401940,2025-10-24,Cap,5101.77
CUST2099,T484372,2025-10-24,Dress,3752.35
CUST2093,T913312,2025-10-25,Blazer,3731.08
CUST2706,T903630,2025-10-25,Blazer,3805.01
CUST2403,T653603,2025-10-25,Lawn Suit,1780.11
CUST2366,T386757,2025-10-25,Kurti,2144.7
CUST2083,T766559,2025-10-25,Handbag,1769.59
CUST2734,T875158,2025-10-25,Dress,4961.55
CUST2628,T641198,2025-10-25,Saree,1543.64
CUST2583,T262447,2025-10-25,Watch,2279.96
CUST2078,T503987,2025-10-25,Formal Shoes,1767.53
CUST2620,T792881,2025-10-25,Cap,2866.03
CUST2499,T900372,2025-10-25,Dress,3513.49
CUST2457,T401406,2025-10-25,Blazer,3639.72
CUST2333,T897075,2025-10-25,Watch,3062.74
CUST2243,T813537,2025-10-25,Belt,1413.01
CUST2023,T194560,2025-10-25,Lawn Suit,6740.81
CUST2196,T209092,2025-10-25,Saree,11050.14
CUST2664,T901609,2025-10-26,Belt,3622.34
CUST2602,T258147,2025-10-26,Blazer,3152.25
CUST2762,T637344,2025-10-26,Kurti,3170.45
CUST2211,T286006,2025-10-26,Dress,5081.38
CUST2794,T447756,2025-10-26,Jeans,5321.66
CUST2370,T177683,2025-10-26,Saree,9465.87
CUST2639,T980398,2025-10-26,Kurti,975.51
CUST2525,T814139,2025-10-26,Watch,2858.46
CUST2186,T193144,2025-10-26,Formal Shoes,8932.68
CUST2558,T957769,2025-10-26,Belt,3333.47
CUST2205,T491878,2025-10-26,Dress,7128.24
CUST2234,T815449,2025-10-26,Sneakers,8136.19
CUST2478,T459697,2025-10-26,Jeans,2553.27
CUST2244,T288205,2025-10-26,Formal Shoes,8325.19
CUST2617,T344620,2025-10-26,Jeans,6307.64
CUST2553,T728470,2025-10-26,Handbag,4700.98
CUST2728,T976965,2025-10-26,Formal Shoes,5684.47
CUST2185,T749223,2025-10-27,Formal Shoes,3198.41
CUST2037,T388208,2025-10-27,Dress,2845.58
CUST2120,T665787,2025-10-27,Handbag,6192.8
CUST2470,T611389,2025-10-27,Lawn Suit,5470.91
CUST2745,T743630,2025-10-27,Cap,2058.79
CUST2659,T984045,2025-10-27,Blazer,7296.97
CUST2483,T983124,2025-10-27,Dress,1334.97
CUST2616,T251344,2025-10-27,Dress,2292.69
CUST2218,T535493,2025-10-27,Watch,3297.2
CUST2445,T169776,2025-10-27,Kurti,2462.29
CUST2449,T771697,2025-10-27,Cap,1489.11
CUST2379,T890781,2025-10-27,Kurti,1385.46
CUST2191,T791074,2025-10-27,Saree,4388.69
CUST2517,T906595,2025-10-27,Belt,3199.37
CUST2438,T283227,2025-10-27,Jeans,2873.12
CUST2599,T643865,2025-10-27,Watch,1934.85
CUST2199,T113519,2025-10-27,Cap,4827.64
CUST2326,T926789,2025-10-28,Dress,9606.52
CUST2453,T790692,2025-10-28,Handbag,1229.75
CUST2473,T289906,2025-10-28,Cap,2014.17
CUST2653,T942687,2025-10-28,Jeans,2713.58
CUST2036,T506628,2025-10-28,Blazer,1316.74
CUST2684,T549923,2025-10-28,Blazer,8219.28
CUST2789,T549027,2025-10-28,Kurti,1980.51
CUST2012,T861419,2025-10-28,Lawn Suit,2258.76
CUST2256,T156718,2025-10-28,Cap,5996.2
CUST2681,T919544,2025-10-28,Blazer,4131.3
CUST2727,T101811,2025-10-28,Kurti,1996.45
CUST2554,T342040,2025-10-28,Sneakers,6927.37
CUST2776,T508376,2025-10-29,Dress,3312.2
CUST2500,T705239,2025-10-29,Belt,2484.11
CUST2687,T963384,2025-10-29,Watch,2081.6
CUST2729,T964055,2025-10-29,Sneakers,2842.32
CUST2052,T856370,2025-10-29,Belt,6188.16
CUST2222,T215254,2025-10-29,Saree,3696.98
CUST2161,T579872,2025-10-29,Jeans,1838.93
CUST2502,T978390,2025-10-29,Watch,2386.58
CUST2459,T987903,2025-10-29,Saree,2361.04
CUST2753,T343041,2025-10-29,Jeans,5000.63
CUST2388,T234180,2025-10-29,Kurti,1579.94
CUST2420,T740673,2025-10-29,Saree,4261.49
CUST2315,T152823,2025-10-29,Lawn Suit,1846.77
CUST2362,T794069,2025-10-29,Watch,3179.08
CUST2399,T441426,2025-10-29,Belt,3779.78
CUST2647,T893381,2025-10-29,Jeans,3139.03
CUST2074,T783303,2025-10-29,Saree,5706.37
CUST2131,T738238,2025-10-29,Dress,3657.67
CUST2311,T165715,2025-10-29,Kurti,2733.64
CUST2424,T263983,2025-10-29,Saree,5866.71
CUST2173,T855393,2025-10-29,Sneakers,2086.01
CUST2215,T777271,2025-10-29,Jeans,2273.69
CUST2247,T263834,2025-10-30,Formal Shoes,2072.89
CUST2519,T812106,2025-10-30,Saree,4477.02
CUST2721,T350520,2025-10-30,Cap,1711.88
CUST2023,T691210,2025-10-30,Blazer,7179.97
CUST2262,T428342,2025-10-30,Dress,9591.17
CUST2735,T559326,2025-10-30,Watch,4149.74
CUST2051,T202192,2025-10-30,Kurti,3493.05
CUST2242,T140742,2025-10-30,Saree,2104.9
CUST2614,T496789,2025-10-30,Belt,6522.38
CUST2682,T510519,2025-10-30,Jeans,1989.94
CUST2689,T565643,2025-10-30,Jeans,1398.52
CUST2584,T436569,2025-10-30,Handbag,6242.84
CUST2573,T619241,2025-10-30,Saree,1074.72
CUST2474,T664118,2025-10-30,Watch,3952.1
CUST2374,T757526,2025-10-30,Belt,2714.2
CUST2717,T988314,2025-10-30,Sneakers,2095.25
CUST2321,T426641,2025-10-30,Saree,4066.85
CUST2759,T374820,2025-10-30,Lawn Suit,2679.86
CUST2305,T847601,2025-10-30,Lawn Suit,1768.98
CUST2165,T539009,2025-10-30,Watch,4032.22
CUST2732,T385630,2025-10-31,Dress,1506.42
CUST2708,T952516,2025-10-31,Lawn Suit,6095.23
CUST2766,T511437,2025-10-31,Belt,1575.22
CUST2358,T846716,2025-10-31,Cap,2581.1
CUST2141,T569997,2025-10-31,Dress,2640.8
CUST2674,T278501,2025-10-31,Cap,1632.95
CUST2225,T814967,2025-10-31,Watch,3781.21
CUST2793,T557096,2025-10-31,Formal Shoes,1679.09
CUST2338,T648964,2025-10-31,Sneakers,2947.01
CUST2147,T729075,2025-10-31,Lawn Suit,2174.05
CUST2094,T251127,2025-10-31,Formal Shoes,4424.21
CUST2715,T892849,2025-10-31,Blazer,3360.65
CUST2637,T864642,2025-10-31,Watch,3902.45
CUST2431,T857522,2025-10-31,Watch,3996.28
CUST2114,T794552,2025-11-01,Blazer,6544.86
CUST2724,T698799,2025-11-01,Kurti,2360.01
CUST2359,T209441,2025-11-01,Belt,1695.35
CUST2422,T581137,2025-11-01,Blazer,5818.98
CUST2350,T107663,2025-11-01,Cap,2860.02
CUST2351,T623761,2025-11-01,Cap,3881.06
CUST2756,T347560,2025-11-01,Watch,7047.08
CUST2666,T336403,2025-11-01,Sneakers,2606.46
CUST2712,T529327,2025-11-01,Sneakers,2023.03
CUST2480,T309503,2025-11-01,Cap,3248.89
CUST2436,T543330,2025-11-01,Lawn Suit,2421.64
CUST2679,T102437,2025-11-01,Cap,2115.25
CUST2177,T990241,2025-11-01,Sneakers,1109.15
CUST2739,T151480,2025-11-01,Jeans,4892.69
CUST2569,T323393,2025-11-01,Cap,4622.81
CUST2477,T809946,2025-11-01,Blazer,3125.04
CUST2747,T197779,2025-11-01,Kurti,4836.26
CUST2367,T606565,2025-11-01,Formal Shoes,902.35
CUST2730,T378357,2025-11-01,Jeans,3458.23
CUST2299,T460498,2025-11-01,Sneakers,2797.11
CUST2096,T864907,2025-11-02,Handbag,5793.76
CUST2563,T822387,2025-11-02,Saree,8259.53
CUST2272,T895347,2025-11-02,Cap,3829.4
CUST2187,T736169,2025-11-02,Handbag,3002.71
CUST2344,T649644,2025-11-02,Sneakers,4163.39
CUST2580,T366144,2025-11-02,Saree,3110.13
CUST2796,T532789,2025-11-02,Belt,2442.74
CUST2282,T450158,2025-11-02,Saree,7906.84
CUST2586,T841173,2025-11-02,Watch,2596.31
CUST2427,T700222,2025-11-02,Cap,1581.98
CUST2662,T993747,2025-11-02,Belt,7635.16
CUST2794,T306150,2025-11-02,Watch,3749.28
CUST2486,T110600,2025-11-02,Watch,2093.99
CUST2086,T897016,2025-11-02,Dress,2146.5
CUST2159,T140764,2025-11-02,Dress,8289.54
CUST2146,T347938,2025-11-02,Kurti,5940.27
CUST2234,T425557,2025-11-02,Lawn Suit,9770.38
CUST2419,T561182,2025-11-02,Formal Shoes,2608.53
CUST2706,T421206,2025-11-02,Lawn Suit,4117.41
CUST2283,T715727,2025-11-02,Formal Shoes,2219.1
CUST2068,T258865,2025-11-03,Jeans,1256.03
CUST2758,T558325,2025-11-03,Formal Shoes,4712.13
CUST2048,T283408,2025-11-03,Cap,2864.94
CUST2671,T205405,2025-11-03,Lawn Suit,4566.14
CUST2339,T291237,2025-11-03,Sneakers,3859.45
CUST2782,T126584,2025-11-03,Dress,6043.99
CUST2211,T595918,2025-11-03,Blazer,2694.24
CUST2690,T982891,2025-11-03,Handbag,2573.61
CUST2644,T214472,2025-11-03,Lawn Suit,2457.24
CUST2454,T330813,2025-11-03,Cap,4258.14
CUST2293,T618535,2025-11-03,Kurti,2818.69
CUST2264,T457235,2025-11-03,Kurti,9018.07
CUST2175,T628632,2025-11-03,Saree,2239.86
CUST2032,T584984,2025-11-03,Belt,4863.84
CUST2728,T641797,2025-11-03,Watch,7266.14
CUST2173,T680535,2025-11-03,Lawn Suit,2139.39
CUST2751,T628359,2025-11-03,Jeans,2547.1
CUST2566,T578312,2025-11-03,Handbag,1555.96
CUST2720,T591394,2025-11-03,Blazer,6556.21
CUST2365,T692585,2025-11-03,Dress,2623.23
CUST2754,T952682,2025-11-03,Lawn Suit,4651.56
CUST2542,T161041,2025-11-03,Kurti,1734.72
CUST2042,T430655,2025-11-04,Handbag,3032.57
CUST2085,T133056,2025-11-04,Blazer,2618.81
CUST2711,T856673,2025-11-04,Saree,4106.49
CUST2330,T872550,2025-11-04,Blazer,1941.34
CUST2677,T782435,2025-11-04,Dress,2094.18
CUST2714,T452782,2025-11-04,Sneakers,3849.27
CUST2382,T948480,2025-11-04,Saree,2969.84
CUST2780,T232684,2025-11-04,Lawn Suit,966.89
CUST2571,T952062,2025-11-04,Kurti,8064.48
CUST2506,T134514,2025-11-04,Kurti,3987.27
CUST2084,T575645,2025-11-04,Blazer,2281.94
CUST2174,T346739,2025-11-04,Sneakers,3854.96
CUST2060,T788225,2025-11-04,Dress,3282.52
CUST2063,T634833,2025-11-04,Blazer,9216.51
CUST2061,T735926,2025-11-04,Belt,1830.01
CUST2763,T658183,2025-11-04,Saree,6399.6
CUST2636,T236824,2025-11-04,Cap,2617.94
CUST2457,T973876,2025-11-04,Cap,4522.08
CUST2221,T887427,2025-11-04,Handbag,3763.95
CUST2520,T949030,2025-11-05,Blazer,3826.32
CUST2318,T327003,2025-11-05,Handbag,5886.27
CUST2455,T305229,2025-11-05,Watch,1629.08
CUST2037,T548045,2025-11-05,Belt,4020.44
CUST2660,T572262,2025-11-05,Cap,1571.34
CUST2719,T728340,2025-11-05,Blazer,2038.61
CUST2465,T698646,2025-11-05,Kurti,2915.0
CUST2737,T825566,2025-11-05,Belt,2464.16
CUST2331,T124212,2025-11-05,Watch,2233.3
CUST2594,T228497,2025-11-05,Handbag,2822.56
CUST2537,T150657,2025-11-05,Kurti,3333.75
CUST2625,T338676,2025-11-05,Watch,5894.85
CUST2407,T827463,2025-11-05,Kurti,3119.23
CUST2353,T852830,2025-11-06,Kurti,3062.58
CUST2627,T360144,2025-11-06,Kurti,5018.75
CUST2702,T233892,2025-11-06,Cap,3150.84
CUST2145,T155567,2025-11-06,Jeans,1717.48
CUST2080,T532473,2025-11-06,Belt,3264.74
CUST2559,T446116,2025-11-06,Lawn Suit,4591.68
CUST2185,T311915,2025-11-06,Formal Shoes,8486.79
CUST2395,T909179,2025-11-06,Formal Shoes,3800.23
CUST2213,T913134,2025-11-06,Formal Shoes,3095.94
CUST2579,T137181,2025-11-06,Watch,3567.51
CUST2385,T709502,2025-11-06,Jeans,3734.15
CUST2606,T181028,2025-11-06,Formal Shoes,2483.19
CUST2448,T992110,2025-11-06,Saree,2752.26
CUST2006,T420295,2025-11-06,Saree,5816.02
CUST2519,T897077,2025-11-06,Cap,3589.93
CUST2634,T595527,2025-11-06,Jeans,2221.49
CUST2262,T729977,2025-11-06,Lawn Suit,4192.12
CUST2260,T169975,2025-11-07,Handbag,7710.53
CUST2256,T360275,2025-11-07,Dress,2964.5
CUST2380,T768194,2025-11-07,Belt,3488.67
CUST2097,T245005,2025-11-07,Lawn Suit,2597.49
CUST2488,T842926,2025-11-07,Belt,972.67
CUST2270,T188501,2025-11-07,Lawn Suit,4215.25
CUST2582,T989320,2025-11-07,Watch,3331.46
CUST2121,T354898,2025-11-07,Cap,1477.42
CUST2021,T659002,2025-11-07,Blazer,3983.74
CUST2136,T626258,2025-11-07,Dress,1684.86
CUST2674,T916439,2025-11-08,Kurti,3838.69
CUST2478,T716354,2025-11-08,Saree,2826.06
CUST2283,T137644,2025-11-08,Watch,3476.98
CUST2512,T459002,2025-11-08,Kurti,4641.01
CUST2630,T867214,2025-11-08,Lawn Suit,1668.79
CUST2596,T653895,2025-11-08,Sneakers,7156.96
CUST2623,T859402,2025-11-08,Cap,1977.21
CUST2616,T334807,2025-11-08,Saree,2334.02
CUST2005,T198494,2025-11-08,Kurti,1246.36
CUST2797,T592529,2025-11-08,Kurti,3822.41
CUST2031,T445872,2025-11-08,Kurti,2503.27
CUST2632,T591284,2025-11-09,Formal Shoes,9525.58
CUST2781,T925971,2025-11-09,Belt,2085.05
CUST2025,T993985,2025-11-09,Kurti,3366.82
CUST2681,T652552,2025-11-09,Saree,4151.8
CUST2765,T691975,2025-11-09,Sneakers,1269.97
CUST2329,T467287,2025-11-09,Watch,4932.76
CUST2221,T663609,2025-11-09,Jeans,3258.72
CUST2588,T854667,2025-11-10,Sneakers,3740.2
CUST2317,T788896,2025-11-10,Handbag,1951.03
CUST2438,T255277,2025-11-10,Lawn Suit,1780.78
CUST2708,T157571,2025-11-10,Blazer,6826.85
CUST2002,T672670,2025-11-10,Belt,1003.6
CUST2290,T175203,2025-11-10,Lawn Suit,5602.75
CUST2174,T928623,2025-11-10,Jeans,8038.86
CUST2786,T811510,2025-11-10,Cap,916.49
CUST2279,T546994,2025-11-10,Handbag,2479.61
CUST2297,T918853,2025-11-10,Saree,1324.77
CUST2240,T668269,2025-11-10,Watch,2854.76
CUST2087,T825598,2025-11-10,Watch,4878.28
CUST2178,T532428,2025-11-10,Formal Shoes,1546.4
CUST2305,T240565,2025-11-10,Watch,2775.71
CUST2594,T344398,2025-11-10,Formal Shoes,3611.11
CUST2648,T249868,2025-11-10,Watch,6660.72
CUST2713,T366532,2025-11-10,Formal Shoes,2334.89
CUST2054,T718942,2025-11-11,Cap,4211.05
CUST2066,T129577,2025-11-11,Kurti,2112.53
CUST2663,T864533,2025-11-11,Sneakers,5062.4
CUST2474,T422613,2025-11-11,Dress,1861.46
CUST2767,T862832,2025-11-11,Saree,2372.17
CUST2462,T260538,2025-11-11,Handbag,3017.99
CUST2361,T315147,2025-11-11,Saree,4309.62
CUST2723,T167018,2025-11-11,Cap,5695.52
CUST2691,T788112,2025-11-11,Handbag,3943.76
CUST2276,T319622,2025-11-11,Cap,5337.38
CUST2052,T874713,2025-11-11,Cap,6544.29
CUST2046,T853572,2025-11-11,Jeans,8459.08
CUST2190,T499470,2025-11-11,Cap,3552.18
CUST2602,T498748,2025-11-11,Dress,3588.41
CUST2203,T570749,2025-11-12,Watch,3525.13
CUST2259,T702013,2025-11-12,Blazer,2794.24
CUST2299,T531266,2025-11-12,Watch,2267.51
CUST2415,T729756,2025-11-12,Lawn Suit,2625.28
CUST2312,T954462,2025-11-12,Dress,2861.3
CUST2179,T597523,2025-11-12,Handbag,7473.54
CUST2758,T781281,2025-11-12,Dress,9730.48
CUST2094,T503944,2025-11-12,Belt,2037.46
CUST2187,T307850,2025-11-12,Saree,3192.64
CUST2334,T810788,2025-11-12,Kurti,1361.97
CUST2124,T423061,2025-11-12,Cap,1835.47
CUST2560,T375858,2025-11-12,Lawn Suit,2654.38
CUST2657,T770993,2025-11-12,Lawn Suit,4317.43
CUST2587,T481698,2025-11-12,Belt,1329.4
CUST2351,T160265,2025-11-12,Kurti,8304.07
CUST2251,T957589,2025-11-12,Belt,3871.43
CUST2451,T142247,2025-11-13,Dress,3627.88
CUST2370,T902774,2025-11-13,Sneakers,4560.32
CUST2590,T257936,2025-11-13,Blazer,2539.15
CUST2495,T597572,2025-11-13,Jeans,4442.86
CUST2269,T856867,2025-11-13,Jeans,1436.11
CUST2672,T348777,2025-11-13,Kurti,9164.04
CUST2628,T480956,2025-11-13,Jeans,2811.21
CUST2118,T861751,2025-11-13,Sneakers,2848.77
CUST2044,T775719,2025-11-13,Blazer,3613.91
CUST2697,T996566,2025-11-13,Saree,2730.62
CUST2378,T954435,2025-11-13,Handbag,3972.55
CUST2308,T369970,2025-11-13,Kurti,5886.0
CUST2389,T963198,2025-11-14,Dress,2352.59
CUST2647,T700523,2025-11-14,Blazer,1887.68
CUST2343,T574998,2025-11-14,Sneakers,1796.36
CUST2137,T397673,2025-11-14,Belt,2738.45
CUST2610,T545699,2025-11-14,Sneakers,1214.42
CUST2522,T656772,2025-11-14,Watch,1341.83
CUST2337,T557640,2025-11-14,Dress,7913.72
CUST2083,T303588,2025-11-14,Blazer,4319.82
CUST2515,T894926,2025-11-14,Lawn Suit,4560.39
CUST2685,T452180,2025-11-14,Dress,1670.73
CUST2608,T848597,2025-11-14,Dress,2955.01
CUST2762,T146728,2025-11-14,Saree,3397.49
CUST2263,T701406,2025-11-14,Sneakers,5037.96
CUST2067,T983843,2025-11-14,Kurti,4445.62
CUST2693,T371783,2025-11-14,Lawn Suit,8745.74
CUST2690,T235723,2025-11-14,Sneakers,2831.64
CUST2535,T424813,2025-11-14,Handbag,1925.02
CUST2583,T978604,2025-11-15,Blazer,3365.22
CUST2133,T773496,2025-11-15,Kurti,2438.56
CUST2526,T637762,2025-11-15,Jeans,4175.42
CUST2721,T888022,2025-11-15,Jeans,1601.27
CUST2531,T468017,2025-11-15,Kurti,5047.6
CUST2746,T520555,2025-11-15,Cap,2870.57
CUST2234,T724387,2025-11-15,Handbag,5081.16
CUST2585,T460383,2025-11-15,Jeans,1838.89
CUST2549,T504725,2025-11-15,Dress,4037.33
CUST2131,T398895,2025-11-15,Lawn Suit,2083.35
CUST2204,T399601,2025-11-15,Blazer,2857.45
CUST2190,T484143,2025-11-16,Saree,4858.18
CUST2327,T344024,2025-11-16,Dress,2276.91
CUST2322,T682936,2025-11-16,Kurti,775.18
CUST2733,T615481,2025-11-16,Belt,8304.19
CUST2716,T650489,2025-11-16,Watch,1972.27
CUST2388,T858395,2025-11-16,Handbag,984.2
CUST2065,T964705,2025-11-16,Saree,4056.98
CUST2301,T215006,2025-11-16,Saree,1617.23
CUST2503,T805931,2025-11-16,Blazer,3428.5
CUST2577,T822402,2025-11-16,Cap,2388.89
CUST2246,T132980,2025-11-16,Cap,9211.87
CUST2014,T364467,2025-11-16,Lawn Suit,3918.21
CUST2053,T302751,2025-11-16,Formal Shoes,3033.33
CUST2171,T403555,2025-11-16,Sneakers,4495.1
CUST2767,T366383,2025-11-16,Jeans,3445.71
CUST2164,T624151,2025-11-16,Jeans,2195.24
CUST2280,T809265,2025-11-16,Kurti,1186.79
CUST2658,T150843,2025-11-16,Lawn Suit,2845.72
CUST2270,T806934,2025-11-16,Jeans,1513.34
CUST2012,T263645,2025-11-16,Jeans,4591.3
CUST2420,T194564,2025-11-17,Formal Shoes,2044.88
CUST2046,T462072,2025-11-17,Belt,7610.84
CUST2645,T718460,2025-11-17,Kurti,1977.23
CUST2550,T757422,2025-11-17,Lawn Suit,4083.35
CUST2172,T716555,2025-11-17,Dress,3746.94
CUST2518,T138151,2025-11-17,Jeans,4104.98
CUST2268,T275451,2025-11-17,Cap,5027.65
CUST2602,T794096,2025-11-17,Lawn Suit,3646.56
CUST2419,T595246,2025-11-17,Jeans,2499.51
CUST2108,T948776,2025-11-17,Belt,1676.16
CUST2669,T720953,2025-11-17,Formal Shoes,1692.75
CUST2111,T690455,2025-11-17,Saree,1695.51
CUST2524,T710978,2025-11-17,Cap,2523.78
CUST2787,T572003,2025-11-17,Watch,9329.18
CUST2621,T241962,2025-11-17,Handbag,3695.08
CUST2720,T459143,2025-11-17,Lawn Suit,9217.22
CUST2773,T585736,2025-11-17,Blazer,1952.72
CUST2105,T807480,2025-11-17,Jeans,2762.33
CUST2212,T694826,2025-11-17,Blazer,3913.76
CUST2494,T431003,2025-11-17,Saree,1337.92
CUST2138,T446910,2025-11-17,Sneakers,1720.0
CUST2365,T822107,2025-11-18,Dress,2083.57
CUST2573,T870520,2025-11-18,Handbag,1350.33
CUST2644,T933151,2025-11-18,Cap,4188.86
CUST2257,T400881,2025-11-18,Jeans,1237.56
CUST2150,T161744,2025-11-18,Formal Shoes,2877.64
CUST2694,T821181,2025-11-18,Handbag,6761.06
CUST2251,T197436,2025-11-18,Cap,3637.6
CUST2081,T618216,2025-11-18,Sneakers,3067.22
CUST2397,T831988,2025-11-18,Belt,6141.85
CUST2633,T798808,2025-11-18,Kurti,1566.63
CUST2628,T704378,2025-11-19,Handbag,3741.71
CUST2571,T732378,2025-11-19,Dress,3342.06
CUST2144,T109335,2025-11-19,Belt,1352.24
CUST2262,T165019,2025-11-19,Blazer,6597.87
CUST2210,T934920,2025-11-19,Lawn Suit,3413.02
CUST2185,T354529,2025-11-19,Belt,3107.46
CUST2629,T871257,2025-11-19,Cap,3582.8
CUST2090,T100338,2025-11-19,Handbag,6332.44
CUST2557,T215471,2025-11-19,Belt,6372.24
CUST2777,T530883,2025-11-19,Formal Shoes,1737.36
CUST2592,T345946,2025-11-19,Lawn Suit,1927.9
CUST2328,T750368,2025-11-19,Cap,10259.4
CUST2267,T356046,2025-11-19,Dress,3386.0
CUST2254,T805684,2025-11-19,Belt,3309.9
CUST2146,T351862,2025-11-19,Cap,7738.42
CUST2377,T230015,2025-11-19,Kurti,2775.15
CUST2102,T783181,2025-11-19,Kurti,1478.56
CUST2680,T402730,2025-11-19,Blazer,7750.17
CUST2333,T111471,2025-11-19,Watch,2236.73
CUST2319,T224218,2025-11-20,Sneakers,1401.63
CUST2418,T592426,2025-11-20,Formal Shoes,2124.26
CUST2761,T827280,2025-11-20,Watch,2556.11
CUST2383,T183233,2025-11-20,Belt,6887.87
CUST2361,T676556,2025-11-20,Cap,3568.5
CUST2039,T744926,2025-11-20,Watch,8154.27
CUST2215,T359132,2025-11-20,Sneakers,2388.1
CUST2120,T699382,2025-11-20,Sneakers,6539.78
CUST2639,T677284,2025-11-20,Sneakers,1731.93
CUST2738,T498051,2025-11-20,Lawn Suit,3047.75
CUST2112,T119832,2025-11-20,Sneakers,3155.67
CUST2570,T258717,2025-11-20,Cap,1769.02
CUST2481,T871936,2025-11-21,Formal Shoes,2692.62
CUST2479,T346708,2025-11-21,Lawn Suit,4617.58
CUST2450,T217351,2025-11-21,Jeans,3968.96
CUST2609,T929866,2025-11-21,Saree,4041.47
CUST2040,T689800,2025-11-21,Lawn Suit,4188.45
CUST2581,T988523,2025-11-21,Lawn Suit,2353.47
CUST2539,T559204,2025-11-21,Watch,1514.42
CUST2168,T958027,2025-11-21,Kurti,2176.46
CUST2385,T249611,2025-11-21,Kurti,1621.02
CUST2170,T713168,2025-11-21,Watch,4978.49
CUST2682,T759638,2025-11-21,Saree,2304.64
CUST2055,T506566,2025-11-21,Dress,7217.19
CUST2343,T550512,2025-11-21,Dress,1752.55
CUST2256,T552769,2025-11-21,Cap,8830.45
CUST2618,T790601,2025-11-21,Dress,1558.68
CUST2729,T504195,2025-11-21,Lawn Suit,3586.28
CUST2562,T440618,2025-11-21,Saree,3571.0
CUST2142,T315753,2025-11-21,Cap,4009.28
CUST2429,T986888,2025-11-21,Jeans,3797.48
CUST2156,T845778,2025-11-22,Saree,2993.45
CUST2233,T582038,2025-11-22,Jeans,3194.14
CUST2018,T467051,2025-11-22,Saree,3570.31
CUST2059,T237973,2025-11-22,Belt,2409.87
CUST2614,T510911,2025-11-22,Blazer,9507.58
CUST2668,T927978,2025-11-22,Handbag,2703.59
CUST2529,T537809,2025-11-22,Saree,2982.08
CUST2552,T736890,2025-11-22,Dress,8086.57
CUST2000,T465301,2025-11-22,Kurti,2610.7
CUST2139,T707325,2025-11-22,Cap,1824.71
CUST2060,T386526,2025-11-22,Cap,3102.9
CUST2625,T807605,2025-11-22,Cap,5731.91
CUST2791,T358656,2025-11-22,Sneakers,6380.13
CUST2485,T160387,2025-11-22,Saree,2121.05
CUST2087,T440344,2025-11-22,Sneakers,2409.68
CUST2736,T594427,2025-11-22,Formal Shoes,2767.27
CUST2164,T889921,2025-11-22,Watch,1798.0
CUST2223,T380032,2025-11-22,Blazer,4110.4
CUST2788,T878752,2025-11-22,Sneakers,7133.58
CUST2291,T492307,2025-11-23,Saree,3052.51
CUST2158,T944357,2025-11-23,Blazer,2352.28
CUST2474,T162981,2025-11-23,Saree,3715.22
CUST2698,T873860,2025-11-23,Handbag,1741.93
CUST2521,T635769,2025-11-23,Blazer,1635.66
CUST2123,T640461,2025-11-23,Watch,3409.84
CUST2734,T236180,2025-11-23,Kurti,3327.42
CUST2251,T202990,2025-11-23,Jeans,4387.87
CUST2084,T520054,2025-11-23,Kurti,3289.07
CUST2138,T667039,2025-11-23,Lawn Suit,4078.0
CUST2352,T879286,2025-11-23,Dress,8324.21
CUST2411,T751679,2025-11-23,Watch,1308.42
CUST2463,T918331,2025-11-24,Watch,2550.09
CUST2599,T878910,2025-11-24,Dress,3418.72
CUST2498,T989193,2025-11-24,Blazer,2609.35
CUST2269,T110191,2025-11-24,Jeans,1618.5
CUST2584,T603320,2025-11-24,Cap,7322.79
CUST2656,T538584,2025-11-24,Saree,2363.88
CUST2787,T282159,2025-11-24,Blazer,8564.78
CUST2010,T913301,2025-11-24,Belt,1992.67
CUST2349,T617274,2025-11-24,Sneakers,1845.31
CUST2103,T337280,2025-11-24,Handbag,2835.36
CUST2235,T473034,2025-11-24,Belt,3746.86
CUST2431,T349607,2025-11-24,Jeans,6906.43
CUST2380,T334027,2025-11-24,Sneakers,2914.43
CUST2098,T355363,2025-11-24,Sneakers,7275.18
CUST2604,T468500,2025-11-24,Jeans,7795.73
CUST2750,T626524,2025-11-24,Dress,3472.13
CUST2480,T312216,2025-11-24,Watch,2404.73
CUST2441,T683886,2025-11-25,Cap,2870.6
CUST2255,T190085,2025-11-25,Belt,2343.99
CUST2590,T554589,2025-11-25,Dress,1651.62
CUST2302,T926746,2025-11-25,Saree,1793.0
CUST2263,T933593,2025-11-25,Belt,5814.16
CUST2152,T243136,2025-11-25,Cap,2557.97
CUST2699,T158838,2025-11-25,Blazer,2014.95
CUST2215,T324275,2025-11-25,Belt,2120.2
CUST2121,T893202,2025-11-25,Blazer,2026.52
CUST2695,T437639,2025-11-25,Sneakers,4349.01
CUST2300,T270063,2025-11-25,Cap,4470.13
CUST2337,T561424,2025-11-25,Jeans,3135.45
CUST2526,T957981,2025-11-25,Saree,2366.24
CUST2684,T308628,2025-11-26,Lawn Suit,7547.66
CUST2712,T974383,2025-11-26,Watch,2757.69
CUST2348,T834018,2025-11-26,Blazer,4294.51
CUST2436,T969424,2025-11-26,Formal Shoes,1780.3
CUST2170,T188699,2025-11-26,Belt,1987.41
CUST2282,T318506,2025-11-26,Formal Shoes,4381.06
CUST2700,T461440,2025-11-26,Blazer,2445.58
CUST2265,T973516,2025-11-26,Saree,7259.56
CUST2042,T921006,2025-11-26,Jeans,4102.48
CUST2178,T581785,2025-11-26,Dress,2777.98
CUST2388,T859652,2025-11-26,Dress,2599.11
CUST2024,T558051,2025-11-26,Saree,9288.86
CUST2648,T861197,2025-11-26,Cap,5735.39
CUST2163,T133345,2025-11-26,Sneakers,3396.56
CUST2021,T266825,2025-11-27,Cap,3706.36
CUST2426,T178706,2025-11-27,Sneakers,1786.8
CUST2015,T550104,2025-11-27,Saree,2865.41
CUST2555,T533426,2025-11-27,Saree,2811.43
CUST2089,T338723,2025-11-27,Formal Shoes,1996.25
CUST2014,T508135,2025-11-27,Blazer,3652.38
CUST2744,T728904,2025-11-27,Jeans,3090.71
CUST2244,T154515,2025-11-27,Sneakers,5771.65
CUST2030,T569631,2025-11-27,Sneakers,3815.27
CUST2725,T974011,2025-11-27,Sneakers,5246.89
CUST2157,T873600,2025-11-27,Lawn Suit,1669.56
CUST2102,T933978,2025-11-27,Belt,4867.6
CUST2209,T444009,2025-11-27,Blazer,9315.71
CUST2756,T600476,2025-11-27,Belt,3271.65
CUST2128,T853906,2025-11-27,Dress,3750.09
CUST2159,T363485,2025-11-27,Blazer,8130.47
CUST2360,T879151,2025-11-27,Formal Shoes,2356.19
CUST2086,T617040,2025-11-28,Sneakers,4200.39
CUST2020,T223221,2025-11-28,Sneakers,2871.45
CUST2270,T364594,2025-11-28,Belt,4430.38
CUST2112,T651147,2025-11-28,Kurti,7074.79
CUST2757,T481679,2025-11-28,Belt,2566.52
CUST2763,T302757,2025-11-28,Belt,5643.1
CUST2561,T529753,2025-11-28,Sneakers,8140.98
CUST2545,T720648,2025-11-28,Handbag,3651.36
CUST2202,T150345,2025-11-28,Watch,2098.52
CUST2310,T644438,2025-11-28,Dress,2942.72
CUST2706,T230198,2025-11-28,Handbag,2128.51
CUST2574,T870175,2025-11-28,Handbag,2253.26
CUST2764,T914493,2025-11-28,Lawn Suit,4780.1
CUST2338,T381025,2025-11-28,Watch,2479.98
CUST2413,T411125,2025-11-28,Jeans,3089.52
CUST2794,T351657,2025-11-28,Blazer,5843.93
CUST2276,T277681,2025-11-29,Lawn Suit,6198.01
CUST2117,T515294,2025-11-29,Saree,8301.28
CUST2313,T384472,2025-11-29,Handbag,1694.47
CUST2596,T259303,2025-11-29,Blazer,5465.07
CUST2380,T955522,2025-11-29,Kurti,8246.69
CUST2553,T355337,2025-11-29,Handbag,5455.0
CUST2325,T241849,2025-11-29,Watch,9903.67
CUST2353,T392442,2025-11-29,Dress,1785.94
CUST2445,T139245,2025-11-29,Blazer,2155.87
CUST2048,T870834,2025-11-29,Kurti,3362.14
CUST2190,T628677,2025-11-29,Watch,3472.62
CUST2085,T757207,2025-11-29,Handbag,3099.84
CUST2565,T144733,2025-11-29,Kurti,2087.13
CUST2330,T181841,2025-11-29,Belt,5193.58
CUST2512,T501019,2025-11-29,Watch,8443.96
CUST2454,T466892,2025-11-29,Formal Shoes,3681.53
CUST2288,T902501,2025-11-29,Jeans,1419.15
CUST2211,T135371,2025-11-29,Lawn Suit,3839.72
CUST2603,T705276,2025-11-29,Blazer,7566.28
CUST2132,T575834,2025-11-29,Handbag,2146.16
CUST2624,T452268,2025-11-30,Handbag,2587.94
CUST2013,T641990,2025-11-30,Belt,4426.42
CUST2022,T770841,2025-11-30,Kurti,2911.9
CUST2676,T108622,2025-11-30,Lawn Suit,6100.3
CUST2570,T919422,2025-11-30,Kurti,2718.28
CUST2595,T151705,2025-11-30,Formal Shoes,1578.33
CUST2381,T979626,2025-11-30,Blazer,1935.24
CUST2516,T991070,2025-11-30,Sneakers,6806.94
CUST2635,T445351,2025-11-30,Watch,2041.67
CUST2582,T355535,2025-11-30,Kurti,6236.63
CUST2037,T398549,2025-11-30,Belt,2808.14
CUST2797,T655586,2025-11-30,Belt,3301.05
CUST2687,T159818,2025-12-01,Handbag,3089.92
CUST2779,T658658,2025-12-01,Saree,6419.54
CUST2180,T693768,2025-12-01,Belt,1281.62
CUST2025,T378081,2025-12-01,Belt,2330.58
CUST2029,T327534,2025-12-01,Kurti,4372.4
CUST2578,T542364,2025-12-01,Belt,2593.82
CUST2179,T233289,2025-12-01,Kurti,6933.72
CUST2678,T940612,2025-12-01,Belt,1179.44
CUST2404,T619263,2025-12-01,Jeans,5913.86
CUST2484,T421200,2025-12-01,Cap,4258.29
CUST2402,T606058,2025-12-01,Kurti,4625.56
CUST2191,T668241,2025-12-02,Sneakers,4203.3
CUST2406,T755270,2025-12-02,Saree,1435.18
CUST2607,T673186,2025-12-02,Formal Shoes,3792.48
CUST2125,T178496,2025-12-02,Blazer,2856.3
CUST2432,T813247,2025-12-02,Handbag,3235.92
CUST2136,T170619,2025-12-02,Watch,2066.59
CUST2055,T836858,2025-12-02,Kurti,4514.37
CUST2154,T738558,2025-12-02,Sneakers,3559.87
CUST2171,T313290,2025-12-02,Kurti,1717.94
CUST2166,T492354,2025-12-02,Watch,2683.48
CUST2628,T199088,2025-12-02,Jeans,3122.21
CUST2755,T407853,2025-12-02,Blazer,3213.2
CUST2620,T960908,2025-12-02,Saree,4125.96
CUST2670,T163249,2025-12-02,Belt,2986.92
CUST2442,T617920,2025-12-02,Cap,3110.91
CUST2164,T129545,2025-12-02,Dress,2421.24
CUST2064,T110901,2025-12-02,Jeans,3497.5
CUST2360,T452100,2025-12-03,Sneakers,2439.54
CUST2103,T998198,2025-12-03,Handbag,1149.95
CUST2364,T689913,2025-12-03,Saree,4515.51
CUST2506,T978992,2025-12-03,Blazer,2696.06
CUST2444,T244719,2025-12-03,Lawn Suit,3801.65
CUST2003,T644762,2025-12-03,Dress,4287.2
CUST2242,T927237,2025-12-03,Watch,2309.09
CUST2090,T811261,2025-12-03,Lawn Suit,10005.49
CUST2740,T822591,2025-12-03,Formal Shoes,3981.72
CUST2518,T200333,2025-12-03,Watch,2101.03
CUST2587,T419111,2025-12-03,Jeans,926.63
CUST2228,T898506,2025-12-03,Jeans,1364.37
CUST2757,T895436,2025-12-03,Kurti,3126.28
CUST2679,T466254,2025-12-03,Cap,1903.49
CUST2186,T747293,2025-12-03,Saree,7558.97
CUST2369,T593336,2025-12-04,Watch,5746.26
CUST2408,T745527,2025-12-04,Kurti,2666.4
CUST2473,T739827,2025-12-04,Saree,2567.15
CUST2411,T547242,2025-12-04,Blazer,1907.2
CUST2300,T249725,2025-12-04,Sneakers,2685.01
CUST2546,T391478,2025-12-04,Belt,2320.26
CUST2433,T207960,2025-12-04,Formal Shoes,1739.16
CUST2785,T506095,2025-12-04,Jeans,4831.27
CUST2283,T685633,2025-12-04,Formal Shoes,4814.44
CUST2133,T391300,2025-12-04,Belt,4391.69
CUST2735,T922831,2025-12-04,Kurti,3091.29
CUST2499,T801070,2025-12-04,Formal Shoes,4305.23
CUST2621,T187144,2025-12-04,Blazer,1991.07
CUST2669,T582584,2025-12-04,Formal Shoes,4310.72
CUST2743,T261736,2025-12-04,Dress,7842.48
CUST2146,T143029,2025-12-04,Jeans,7196.31
CUST2737,T878877,2025-12-05,Dress,1313.52
CUST2782,T405516,2025-12-05,Watch,7752.19
CUST2237,T525193,2025-12-05,Belt,2204.0
CUST2350,T662294,2025-12-05,Kurti,3603.94
CUST2695,T248405,2025-12-05,Jeans,1989.3
CUST2105,T245361,2025-12-05,Saree,1990.81
CUST2554,T372426,2025-12-05,Sneakers,4188.79
CUST2359,T829489,2025-12-05,Sneakers,1047.84
CUST2261,T904924,2025-12-05,Belt,3068.48
CUST2353,T221264,2025-12-05,Jeans,3261.96
CUST2230,T311936,2025-12-05,Formal Shoes,2665.81
CUST2245,T497684,2025-12-05,Handbag,1613.06
CUST2414,T760003,2025-12-05,Kurti,3438.49
CUST2205,T268262,2025-12-05,Saree,6756.37
CUST2011,T710245,2025-12-05,Kurti,4280.7
CUST2173,T453147,2025-12-05,Saree,4686.54
CUST2051,T757593,2025-12-05,Saree,3735.76
CUST2356,T140899,2025-12-05,Handbag,1100.93
CUST2185,T406483,2025-12-06,Dress,7330.96
CUST2519,T932696,2025-12-06,Blazer,3598.99
CUST2276,T152413,2025-12-06,Blazer,6669.57
CUST2649,T597471,2025-12-06,Lawn Suit,2176.88
CUST2357,T429974,2025-12-06,Belt,2314.2
CUST2379,T338741,2025-12-06,Cap,1433.37
CUST2655,T321021,2025-12-06,Blazer,1626.86
CUST2249,T533648,2025-12-06,Kurti,3463.17
CUST2797,T979777,2025-12-06,Belt,2505.6
CUST2348,T220247,2025-12-06,Blazer,1548.14
CUST2739,T249511,2025-12-06,Dress,6168.99
CUST2560,T544933,2025-12-06,Dress,1455.07
CUST2572,T330509,2025-12-06,Saree,1130.4
CUST2508,T128974,2025-12-06,Formal Shoes,2106.12
CUST2215,T172401,2025-12-06,Cap,3199.79
CUST2440,T305499,2025-12-06,Jeans,2158.43
CUST2775,T744815,2025-12-07,Watch,3918.94
CUST2577,T986686,2025-12-07,Jeans,2411.03
CUST2728,T989660,2025-12-07,Cap,5085.64
CUST2163,T859321,2025-12-07,Jeans,4819.43
CUST2629,T198962,2025-12-07,Lawn Suit,5319.41
CUST2044,T312136,2025-12-07,Sneakers,3762.47
CUST2796,T385652,2025-12-07,Blazer,4165.18
CUST2252,T714300,2025-12-07,Formal Shoes,1733.01
CUST2689,T558190,2025-12-07,Dress,1390.35
CUST2290,T509746,2025-12-07,Kurti,3423.6
CUST2685,T937868,2025-12-07,Lawn Suit,1778.13
CUST2177,T138397,2025-12-07,Watch,1570.95
CUST2094,T717961,2025-12-07,Watch,2148.68
CUST2197,T791647,2025-12-07,Jeans,1865.05
CUST2468,T293292,2025-12-07,Kurti,2637.05
CUST2478,T148051,2025-12-07,Watch,1556.21
CUST2192,T849117,2025-12-07,Handbag,6528.77
CUST2053,T910497,2025-12-07,Dress,4530.15
CUST2768,T547158,2025-12-07,Lawn Suit,900.26
CUST2157,T841207,2025-12-07,Jeans,2384.83
CUST2732,T441536,2025-12-07,Belt,2195.41
CUST2709,T819997,2025-12-07,Handbag,2743.2
CUST2399,T105790,2025-12-07,Watch,2758.05
CUST2776,T718377,2025-12-07,Lawn Suit,2305.92
CUST2078,T183289,2025-12-08,Dress,3351.37
CUST2487,T163722,2025-12-08,Cap,4280.88
CUST2524,T399825,2025-12-08,Cap,3562.08
CUST2730,T776098,2025-12-08,Dress,4115.2
CUST2371,T540919,2025-12-08,Cap,4782.11
CUST2009,T606447,2025-12-08,Formal Shoes,4282.24
CUST2516,T495524,2025-12-08,Kurti,5603.72
CUST2271,T796162,2025-12-08,Saree,3139.58
CUST2211,T559411,2025-12-09,Saree,5041.98
CUST2171,T115572,2025-12-09,Jeans,3698.41
CUST2558,T905420,2025-12-09,Handbag,2484.22
CUST2109,T347668,2025-12-09,Kurti,3780.47
CUST2582,T559771,2025-12-09,Sneakers,6759.41
CUST2255,T783717,2025-12-09,Watch,2993.44
CUST2591,T670730,2025-12-09,Sneakers,4899.46
CUST2745,T674686,2025-12-09,Cap,1909.49
CUST2093,T426760,2025-12-09,Formal Shoes,3680.3
CUST2559,T591394,2025-12-09,Lawn Suit,7799.81
CUST2208,T731152,2025-12-09,Lawn Suit,2121.96
CUST2698,T417192,2025-12-09,Watch,1749.04
CUST2662,T434845,2025-12-09,Handbag,6290.3
CUST2133,T930045,2025-12-10,Formal Shoes,4778.23
CUST2152,T951970,2025-12-10,Kurti,2288.48
CUST2488,T895224,2025-12-10,Blazer,1001.18
CUST2186,T858948,2025-12-10,Kurti,6340.1
CUST2435,T874890,2025-12-10,Sneakers,8585.57
CUST2537,T681566,2025-12-10,Lawn Suit,3009.4
CUST2258,T680795,2025-12-10,Sneakers,2330.97
CUST2548,T272201,2025-12-10,Handbag,3248.01
CUST2259,T559161,2025-12-10,Lawn Suit,2951.83
CUST2024,T177328,2025-12-10,Watch,6798.19
CUST2135,T896448,2025-12-10,Belt,3471.67
CUST2532,T923876,2025-12-10,Kurti,2136.4
CUST2485,T359858,2025-12-10,Belt,2507.73
CUST2360,T781869,2025-12-10,Belt,3619.99
CUST2233,T733673,2025-12-10,Handbag,1873.65
CUST2437,T803830,2025-12-10,Belt,2694.32
CUST2387,T959456,2025-12-10,Formal Shoes,2690.32
CUST2123,T208384,2025-12-10,Handbag,1901.72
CUST2654,T914586,2025-12-10,Lawn Suit,2024.82
CUST2362,T519471,2025-12-10,Handbag,3711.09
CUST2006,T928651,2025-12-11,Cap,10916.77
CUST2404,T772057,2025-12-11,Handbag,8009.97
CUST2789,T365598,2025-12-11,Handbag,3820.39
CUST2690,T426685,2025-12-11,Jeans,1580.79
CUST2194,T936875,2025-12-11,Formal Shoes,5056.83
CUST2240,T158341,2025-12-11,Formal Shoes,1823.21
CUST2617,T371622,2025-12-11,Belt,9031.65
CUST2344,T947959,2025-12-11,Blazer,2854.74
CUST2471,T339852,2025-12-11,Kurti,3808.76
CUST2694,T620354,2025-12-12,Belt,4333.37
CUST2213,T173585,2025-12-12,Belt,4601.65
CUST2422,T984639,2025-12-12,Kurti,7304.59
CUST2567,T634480,2025-12-12,Cap,4290.7
CUST2481,T555141,2025-12-12,Kurti,3765.03
CUST2339,T198528,2025-12-12,Handbag,4362.77
CUST2737,T727282,2025-12-12,Blazer,2592.02
CUST2245,T199336,2025-12-12,Formal Shoes,1938.21
CUST2593,T428087,2025-12-12,Belt,1781.69
CUST2484,T260691,2025-12-12,Jeans,3184.38
CUST2256,T325959,2025-12-12,Watch,4948.93
CUST2141,T746153,2025-12-12,Kurti,2318.86
CUST2015,T589146,2025-12-12,Blazer,3830.5
CUST2394,T217953,2025-12-12,Watch,3212.81
CUST2121,T526164,2025-12-12,Dress,2815.98
CUST2329,T406053,2025-12-12,Kurti,3539.42
CUST2502,T699697,2025-12-12,Handbag,1320.43
CUST2126,T523864,2025-12-12,Kurti,2371.3
CUST2057,T408439,2025-12-12,Lawn Suit,3385.6
CUST2708,T868426,2025-12-12,Sneakers,3272.37
CUST2143,T946832,2025-12-12,Sneakers,1174.01
CUST2130,T259153,2025-12-12,Handbag,1476.47
CUST2491,T860855,2025-12-12,Saree,4429.6
CUST2528,T885940,2025-12-12,Kurti,2536.36
CUST2612,T666219,2025-12-12,Kurti,2554.47
CUST2264,T100107,2025-12-13,Cap,8038.57
CUST2722,T451049,2025-12-13,Sneakers,1934.48
CUST2046,T558810,2025-12-13,Belt,3890.83
CUST2555,T173897,2025-12-13,Dress,4587.04
CUST2414,T152248,2025-12-13,Handbag,3243.65
CUST2238,T832818,2025-12-13,Formal Shoes,1837.65
CUST2546,T142812,2025-12-13,Saree,2480.07
CUST2083,T417308,2025-12-13,Sneakers,2468.13
CUST2720,T290657,2025-12-13,Formal Shoes,5529.55
CUST2069,T249850,2025-12-13,Sneakers,2604.34
CUST2455,T450782,2025-12-13,Jeans,3238.62
CUST2199,T633007,2025-12-13,Saree,3547.32
CUST2449,T735673,2025-12-13,Dress,2436.0
CUST2711,T254312,2025-12-13,Belt,4479.07
CUST2440,T422003,2025-12-13,Handbag,4734.72
CUST2370,T420949,2025-12-13,Jeans,7588.84
CUST2565,T703168,2025-12-13,Sneakers,2468.36
CUST2187,T127321,2025-12-14,Sneakers,5570.38
CUST2271,T219981,2025-12-14,Dress,3491.17
CUST2470,T730652,2025-12-14,Sneakers,5460.72
CUST2550,T911661,2025-12-14,Lawn Suit,2216.92
CUST2307,T164671,2025-12-14,Kurti,1525.9
CUST2138,T961451,2025-12-14,Kurti,3720.33
CUST2673,T840951,2025-12-14,Formal Shoes,1118.45
CUST2158,T329372,2025-12-14,Cap,3259.09
CUST2676,T128915,2025-12-14,Blazer,3225.42
CUST2508,T390618,2025-12-14,Cap,3518.58
CUST2459,T508426,2025-12-14,Sneakers,3680.77
CUST2762,T512933,2025-12-14,Handbag,3228.72
CUST2350,T386139,2025-12-14,Blazer,3741.64
CUST2551,T377921,2025-12-14,Lawn Suit,2822.21
CUST2604,T431976,2025-12-14,Dress,7974.02
CUST2079,T341339,2025-12-14,Watch,7677.01
CUST2073,T314527,2025-12-14,Blazer,973.46
CUST2758,T875331,2025-12-14,Formal Shoes,4271.75
CUST2290,T711389,2025-12-14,Sneakers,8343.92
CUST2583,T191195,2025-12-14,Formal Shoes,3547.33
CUST2222,T977333,2025-12-14,Sneakers,4024.06
CUST2795,T293368,2025-12-14,Jeans,3692.37
CUST2787,T948353,2025-12-15,Formal Shoes,4110.64
CUST2756,T818765,2025-12-15,Watch,7932.52
CUST2769,T703438,2025-12-15,Belt,3013.71
CUST2349,T762601,2025-12-15,Jeans,2196.27
CUST2076,T344789,2025-12-15,Blazer,2474.24
CUST2078,T710061,2025-12-15,Dress,1529.89
CUST2354,T693149,2025-12-15,Belt,4205.59
CUST2781,T667971,2025-12-15,Cap,4228.11
CUST2385,T599854,2025-12-15,Dress,2573.62
CUST2670,T625371,2025-12-15,Jeans,3975.0
CUST2713,T347543,2025-12-15,Kurti,2516.85
CUST2176,T837557,2025-12-15,Dress,1331.87
CUST2088,T701133,2025-12-15,Blazer,3268.88
CUST2451,T123810,2025-12-15,Lawn Suit,1486.39
CUST2749,T673658,2025-12-15,Lawn Suit,7408.53
CUST2660,T891103,2025-12-15,Lawn Suit,2754.82
CUST2114,T218793,2025-12-15,Handbag,5063.93
CUST2479,T295932,2025-12-16,Sneakers,4120.86
CUST2661,T337679,2025-12-16,Jeans,2004.21
CUST2754,T561006,2025-12-16,Watch,5677.96
CUST2514,T839398,2025-12-16,Dress,1041.19
CUST2644,T870155,2025-12-16,Cap,1462.04
CUST2366,T759579,2025-12-16,Lawn Suit,3363.2
CUST2174,T232860,2025-12-16,Watch,3705.1
CUST2463,T362571,2025-12-16,Sneakers,3607.64
CUST2431,T440594,2025-12-16,Cap,8103.75
CUST2059,T789877,2025-12-16,Sneakers,3070.65
CUST2098,T229561,2025-12-16,Sneakers,9027.79
CUST2030,T179396,2025-12-16,Cap,2262.88
CUST2112,T895104,2025-12-16,Sneakers,5916.15
CUST2031,T465738,2025-12-16,Jeans,3033.87
CUST2663,T518477,2025-12-16,Formal Shoes,5484.66
CUST2687,T426727,2025-12-16,Blazer,3628.79
CUST2064,T189215,2025-12-16,Lawn Suit,2573.07
CUST2355,T603603,2025-12-16,Belt,4618.52
CUST2519,T421075,2025-12-17,Watch,2906.1
CUST2522,T822238,2025-12-17,Sneakers,3214.05
CUST2246,T425303,2025-12-17,Belt,4070.19
CUST2518,T467687,2025-12-17,Sneakers,3447.58
CUST2717,T359232,2025-12-17,Jeans,2647.37
CUST2129,T304794,2025-12-17,Kurti,3686.63
CUST2331,T482071,2025-12-17,Dress,3316.5
CUST2477,T222612,2025-12-17,Jeans,4598.91
CUST2636,T942659,2025-12-17,Blazer,4516.84
CUST2627,T571791,2025-12-17,Belt,3515.25
CUST2215,T960217,2025-12-17,Blazer,3377.76
CUST2286,T490356,2025-12-17,Handbag,4243.78
CUST2562,T619148,2025-12-17,Lawn Suit,2400.36
CUST2335,T161310,2025-12-17,Cap,3815.67
CUST2505,T708036,2025-12-17,Dress,2146.26
CUST2381,T305896,2025-12-17,Watch,1524.72
CUST2536,T984304,2025-12-17,Lawn Suit,9930.31
CUST2299,T109752,2025-12-17,Formal Shoes,2537.38
CUST2439,T555193,2025-12-17,Kurti,7620.99
CUST2334,T217667,2025-12-17,Jeans,945.76
CUST2247,T925585,2025-12-18,Watch,1692.18
CUST2793,T149536,2025-12-18,Handbag,3904.17
CUST2406,T542484,2025-12-18,Blazer,1703.97
CUST2260,T554132,2025-12-18,Cap,4637.72
CUST2623,T823153,2025-12-18,Blazer,2179.44
CUST2677,T453877,2025-12-18,Formal Shoes,3216.96
CUST2523,T160436,2025-12-18,Sneakers,2985.21
CUST2503,T926332,2025-12-18,Cap,3238.24
CUST2753,T739326,2025-12-18,Blazer,8373.8
CUST2071,T700746,2025-12-18,Lawn Suit,3914.0
CUST2625,T471877,2025-12-18,Belt,8416.54
CUST2575,T707236,2025-12-18,Handbag,4923.49
CUST2720,T181311,2025-12-18,Blazer,3260.78
CUST2204,T492306,2025-12-18,Sneakers,3718.8
CUST2210,T126918,2025-12-18,Blazer,3156.94
CUST2314,T288443,2025-12-18,Sneakers,2257.34
CUST2311,T716568,2025-12-19,Cap,2444.16
CUST2066,T502454,2025-12-19,Formal Shoes,2725.67
CUST2606,T598242,2025-12-19,Belt,2504.15
CUST2282,T809883,2025-12-19,Handbag,5970.93
CUST2780,T199237,2025-12-19,Formal Shoes,961.13
CUST2553,T534452,2025-12-19,Lawn Suit,4786.48
CUST2025,T752486,2025-12-19,Lawn Suit,2057.02
CUST2659,T550758,2025-12-19,Blazer,5748.24
CUST2233,T641736,2025-12-19,Saree,2949.3
CUST2705,T376725,2025-12-19,Watch,1564.29
CUST2664,T669167,2025-12-19,Watch,4463.97
CUST2668,T273597,2025-12-20,Blazer,4071.76
CUST2525,T717977,2025-12-20,Jeans,2639.5
CUST2196,T834504,2025-12-20,Kurti,5251.18
CUST2725,T353948,2025-12-20,Lawn Suit,7994.64
CUST2584,T988851,2025-12-20,Belt,7737.16
CUST2493,T535956,2025-12-20,Formal Shoes,2656.05
CUST2242,T714856,2025-12-20,Blazer,3019.35
CUST2403,T267691,2025-12-20,Saree,3056.99
CUST2632,T876815,2025-12-20,Formal Shoes,5223.67
CUST2715,T797350,2025-12-20,Saree,2118.29
CUST2405,T125285,2025-12-20,Watch,2219.4
CUST2508,T788605,2025-12-20,Lawn Suit,2634.47
CUST2569,T101861,2025-12-20,Blazer,3263.29
CUST2798,T776192,2025-12-20,Lawn Suit,987.13
CUST2422,T916511,2025-12-20,Saree,4012.5
CUST2172,T448967,2025-12-20,Cap,4670.86
CUST2638,T107992,2025-12-20,Cap,3397.82
CUST2765,T469581,2025-12-21,Handbag,2084.93
CUST2465,T697479,2025-12-21,Dress,2702.53
CUST2089,T697315,2025-12-21,Kurti,1753.31
CUST2782,T458590,2025-12-21,Handbag,3590.98
CUST2762,T613979,2025-12-21,Dress,3360.22
CUST2099,T124375,2025-12-21,Kurti,6982.92
CUST2079,T710321,2025-12-21,Kurti,3856.55
CUST2230,T953615,2025-12-21,Saree,4879.5
CUST2723,T516112,2025-12-21,Handbag,3055.18
CUST2213,T388848,2025-12-21,Watch,3603.4
CUST2769,T801218,2025-12-21,Belt,4241.45
CUST2704,T172689,2025-12-21,Sneakers,3941.32
CUST2707,T202904,2025-12-21,Lawn Suit,3829.2
CUST2165,T890929,2025-12-21,Belt,4731.1
CUST2321,T888516,2025-12-21,Sneakers,3822.43
CUST2302,T642280,2025-12-21,Handbag,2097.48
CUST2032,T340997,2025-12-21,Blazer,5361.09
CUST2462,T619763,2025-12-22,Blazer,4811.4
CUST2362,T662419,2025-12-22,Lawn Suit,3544.62
CUST2653,T926748,2025-12-22,Formal Shoes,1509.44
CUST2124,T490848,2025-12-22,Jeans,1162.37
CUST2006,T302427,2025-12-22,Cap,4136.53
CUST2777,T961994,2025-12-22,Kurti,3187.33
CUST2131,T799068,2025-12-22,Lawn Suit,1963.05
CUST2118,T140632,2025-12-22,Belt,3068.51
CUST2663,T973127,2025-12-22,Handbag,7075.3
CUST2736,T713928,2025-12-22,Formal Shoes,1607.99
CUST2626,T504533,2025-12-22,Watch,2619.69
CUST2023,T297970,2025-12-22,Belt,6140.79
CUST2288,T490462,2025-12-22,Jeans,1691.65
CUST2112,T732041,2025-12-23,Handbag,4740.53
CUST2374,T322200,2025-12-23,Lawn Suit,2043.5
CUST2561,T722952,2025-12-23,Blazer,3123.24
CUST2083,T137440,2025-12-23,Cap,2185.46
CUST2563,T194646,2025-12-23,Lawn Suit,6124.9
CUST2538,T115524,2025-12-23,Blazer,2613.08
CUST2252,T931862,2025-12-23,Sneakers,4830.34
CUST2747,T216206,2025-12-23,Dress,6170.54
CUST2133,T133047,2025-12-23,Handbag,1814.58
CUST2395,T146802,2025-12-23,Formal Shoes,5131.26
CUST2251,T226449,2025-12-24,Handbag,2970.46
CUST2439,T270941,2025-12-24,Handbag,6695.12
CUST2460,T256605,2025-12-24,Jeans,3199.15
CUST2671,T500531,2025-12-24,Watch,3097.03
CUST2193,T778591,2025-12-24,Watch,2207.83
CUST2637,T452505,2025-12-24,Sneakers,2427.47
CUST2067,T963198,2025-12-24,Cap,8627.21
CUST2061,T495135,2025-12-24,Cap,2053.21
CUST2241,T299578,2025-12-24,Watch,2372.92
CUST2520,T159113,2025-12-24,Dress,3602.05
CUST2036,T844833,2025-12-24,Dress,2342.81
CUST2063,T873646,2025-12-24,Saree,7334.51
CUST2305,T876998,2025-12-24,Belt,3415.85
CUST2018,T212386,2025-12-24,Cap,2740.63
CUST2311,T498407,2025-12-24,Kurti,2798.04
CUST2618,T898746,2025-12-24,Jeans,2845.91
CUST2276,T226069,2025-12-25,Watch,6062.99
CUST2759,T404830,2025-12-25,Dress,2972.81
CUST2074,T228590,2025-12-25,Watch,5183.27
CUST2334,T378415,2025-12-25,Watch,2379.37
CUST2222,T449672,2025-12-25,Handbag,2452.46
CUST2326,T100294,2025-12-25,Formal Shoes,7580.56
CUST2766,T491682,2025-12-25,Belt,3299.05
CUST2791,T976062,2025-12-25,Formal Shoes,3636.06
CUST2459,T582971,2025-12-25,Kurti,1376.36
CUST2365,T365127,2025-12-25,Saree,4757.97
CUST2145,T694509,2025-12-25,Lawn Suit,1879.91
CUST2682,T532274,2025-12-25,Watch,1421.67
CUST2784,T506509,2025-12-25,Handbag,1923.75
CUST2144,T644627,2025-12-25,Sneakers,3909.11
CUST2695,T565360,2025-12-25,Sneakers,3709.81
CUST2358,T509380,2025-12-25,Dress,3430.86
CUST2218,T432013,2025-12-25,Lawn Suit,8020.38
CUST2614,T171838,2025-12-26,Saree,8263.9
CUST2257,T454026,2025-12-26,Dress,1877.1
CUST2154,T671155,2025-12-26,Cap,2408.19
CUST2672,T472499,2025-12-26,Lawn Suit,4370.48
CUST2557,T342825,2025-12-26,Formal Shoes,7963.05
CUST2442,T252003,2025-12-26,Saree,3774.45
CUST2291,T721509,2025-12-26,Belt,3705.44
CUST2109,T184868,2025-12-26,Belt,3963.28
CUST2457,T921879,2025-12-26,Saree,1693.31
CUST2755,T691861,2025-12-26,Sneakers,3162.79
CUST2418,T278611,2025-12-26,Blazer,1503.66
CUST2225,T613334,2025-12-26,Lawn Suit,7754.32
CUST2466,T597366,2025-12-26,Handbag,2048.83
CUST2224,T963730,2025-12-26,Blazer,3533.15
CUST2723,T693417,2025-12-26,Saree,3995.24
CUST2674,T613881,2025-12-26,Watch,3370.05
CUST2102,T445824,2025-12-26,Blazer,3110.67
CUST2324,T302429,2025-12-27,Handbag,2310.37
CUST2337,T195738,2025-12-27,Blazer,3449.58
CUST2051,T847740,2025-12-27,Cap,2453.88
CUST2679,T193863,2025-12-27,Watch,2022.22
CUST2024,T183266,2025-12-27,Dress,4176.78
CUST2093,T666624,2025-12-27,Dress,3546.83
CUST2596,T291762,2025-12-27,Cap,6029.05
CUST2500,T909122,2025-12-27,Handbag,2447.79
CUST2108,T231870,2025-12-27,Cap,1649.7
CUST2004,T933734,2025-12-27,Kurti,4157.51
CUST2359,T823100,2025-12-27,Jeans,3262.44
CUST2588,T436543,2025-12-27,Jeans,4652.38
CUST2578,T951228,2025-12-27,Watch,1245.28
CUST2042,T230682,2025-12-27,Handbag,2348.41
CUST2287,T828807,2025-12-27,Blazer,1317.92
CUST2722,T293443,2025-12-27,Handbag,1208.32
CUST2549,T830346,2025-12-27,Sneakers,10181.99
CUST2424,T658576,2025-12-27,Blazer,6553.82
CUST2096,T418623,2025-12-27,Watch,8586.67
CUST2658,T408596,2025-12-27,Watch,1651.43
CUST2607,T344358,2025-12-28,Cap,3724.99
CUST2040,T812120,2025-12-28,Jeans,3656.47
CUST2579,T525359,2025-12-28,Blazer,4364.7
CUST2616,T505462,2025-12-28,Jeans,2929.85
CUST2175,T239363,2025-12-28,Sneakers,1818.27
CUST2542,T196608,2025-12-28,Saree,3919.36
CUST2787,T985382,2025-12-28,Watch,7003.99
CUST2143,T464985,2025-12-28,Kurti,788.02
CUST2566,T133085,2025-12-28,Dress,2354.45
CUST2582,T171766,2025-12-28,Kurti,7080.65
CUST2634,T280235,2025-12-28,Lawn Suit,2539.17
CUST2757,T151102,2025-12-28,Kurti,3005.42
CUST2772,T282734,2025-12-28,Kurti,3431.63
CUST2508,T812766,2025-12-28,Blazer,3085.28
CUST2797,T439577,2025-12-28,Watch,3882.51
CUST2531,T671992,2025-12-28,Belt,6377.77
CUST2621,T371612,2025-12-28,Cap,3238.92
CUST2080,T803137,2025-12-28,Dress,1617.35
CUST2550,T828939,2025-12-28,Lawn Suit,1781.24
CUST2376,T845396,2025-12-29,Saree,4432.43
CUST2227,T453423,2025-12-29,Belt,3779.12
CUST2274,T614090,2025-12-29,Blazer,2449.7
CUST2293,T802430,2025-12-29,Saree,1519.88
CUST2203,T505365,2025-12-29,Dress,1550.93
CUST2655,T760945,2025-12-29,Watch,1004.26
CUST2147,T345746,2025-12-29,Kurti,1829.17
CUST2690,T187558,2025-12-29,Handbag,1796.91
CUST2272,T411019,2025-12-29,Cap,2814.58
CUST2415,T628185,2025-12-29,Lawn Suit,2123.21
CUST2441,T320017,2025-12-29,Cap,1986.08
CUST2150,T252047,2025-12-29,Dress,4411.89
CUST2270,T201492,2025-12-29,Handbag,2642.94
CUST2630,T769874,2025-12-30,Saree,3777.26
CUST2438,T675958,2025-12-30,Dress,2194.64
CUST2732,T115276,2025-12-30,Kurti,1423.69
CUST2795,T286344,2025-12-30,Belt,1634.5
CUST2691,T152996,2025-12-30,Formal Shoes,3875.96
CUST2091,T374304,2025-12-30,Saree,2363.31
CUST2577,T768798,2025-12-30,Formal Shoes,1807.94
CUST2681,T880322,2025-12-30,Watch,3805.02
CUST2486,T924894,2025-12-30,Jeans,3122.97
CUST2724,T680609,2025-12-30,Sneakers,3298.11
CUST2572,T157993,2025-12-30,Saree,1663.04
CUST2318,T445026,2025-12-30,Saree,3664.08
CUST2587,T415573,2025-12-30,Handbag,1217.05
CUST2427,T503882,2025-12-30,Lawn Suit,2011.07
CUST2152,T401025,2025-12-30,Blazer,1308.92
CUST2594,T443306,2025-12-30,Belt,2004.6
CUST2222,T599390,2025-12-30,Belt,2529.2
CUST2265,T380090,2025-12-30,Handbag,5785.75
CUST2733,T278580,2025-12-30,Saree,4990.97
CUST2242,T924038,2025-12-31,Handbag,3957.31
CUST2794,T204797,2025-12-31,Kurti,4097.57
CUST2567,T586408,2025-12-31,Handbag,4853.02
CUST2011,T732004,2025-12-31,Lawn Suit,4638.48
CUST2552,T276474,2025-12-31,Sneakers,7731.34
CUST2171,T593242,2025-12-31,Handbag,1728.74
CUST2053,T889526,2025-12-31,Handbag,2296.29
CUST2529,T338515,2025-12-31,Blazer,3040.13
CUST2503,T169615,2025-12-31,Saree,4028.18
CUST2414,T684660,2025-12-31,Formal Shoes,3141.86
CUST2720,T757566,2025-12-31,Kurti,8187.57
CUST2685,T782441,2025-12-31,Dress,2994.83
CUST2137,T511184,2025-12-31,Saree,1979.48
CUST2714,T667262,2025-12-31,Kurti,3049.47
CUST2436,T866704,2025-12-31,Handbag,2697.49
CUST2505,T305746,2025-12-31,Sneakers,3932.5
CUST2090,T851791,2026-01-01,Cap,6402.19
CUST2740,T294465,2026-01-01,Handbag,3457.94
CUST2055,T849486,2026-01-01,Watch,5754.36
CUST2491,T420599,2026-01-01,Watch,3985.95
CUST2037,T101094,2026-01-01,Sneakers,9499.91
CUST2268,T967589,2026-01-01,Kurti,3860.0
CUST2351,T677028,2026-01-01,Sneakers,4516.46
CUST2628,T623084,2026-01-01,Formal Shoes,2612.56
CUST2343,T770715,2026-01-01,Sneakers,2598.29
CUST2382,T462340,2026-01-01,Kurti,2693.95
CUST2097,T775301,2026-01-01,Saree,2269.21
CUST2702,T344682,2026-01-01,Saree,2467.28
CUST2120,T954378,2026-01-01,Saree,6614.3
CUST2156,T919482,2026-01-01,Handbag,1827.04
CUST2693,T702965,2026-01-01,Dress,6271.19
CUST2407,T997155,2026-01-01,Handbag,2731.56
CUST2749,T812796,2026-01-01,Watch,5144.81
CUST2523,T161023,2026-01-01,Cap,2517.72
CUST2118,T353064,2026-01-02,Jeans,3359.63
CUST2663,T461797,2026-01-02,Belt,4418.77
CUST2022,T302642,2026-01-02,Kurti,3148.86
CUST2609,T111042,2026-01-02,Kurti,2115.83
CUST2179,T275824,2026-01-02,Lawn Suit,9358.07
CUST2656,T962168,2026-01-02,Sneakers,1475.37
CUST2133,T647592,2026-01-02,Watch,2491.59
CUST2775,T176177,2026-01-02,Watch,8400.16
CUST2230,T702954,2026-01-02,Formal Shoes,2734.59
CUST2758,T843138,2026-01-02,Cap,4524.07
CUST2175,T388422,2026-01-02,Dress,4176.01
CUST2185,T363166,2026-01-02,Saree,3819.62
CUST2700,T264944,2026-01-02,Cap,3518.34
CUST2661,T641578,2026-01-02,Blazer,2999.61
CUST2760,T599586,2026-01-02,Sneakers,3940.77
CUST2515,T984549,2026-01-02,Jeans,3178.05
CUST2547,T272358,2026-01-02,Blazer,4423.84
CUST2654,T353854,2026-01-02,Belt,1273.91
CUST2719,T304411,2026-01-03,Belt,3912.17
CUST2482,T914393,2026-01-03,Watch,3408.8
CUST2234,T117216,2026-01-03,Watch,7089.22
CUST2010,T603605,2026-01-03,Kurti,3378.88
CUST2147,T947360,2026-01-03,Sneakers,1909.25
CUST2680,T247732,2026-01-03,Jeans,5281.04
CUST2537,T823253,2026-01-03,Formal Shoes,3851.91
CUST2254,T493467,2026-01-03,Kurti,2625.61
CUST2258,T764915,2026-01-03,Jeans,4881.16
CUST2197,T794476,2026-01-03,Watch,2761.79
CUST2267,T937716,2026-01-04,Jeans,2102.47
CUST2613,T730282,2026-01-04,Formal Shoes,1917.4
CUST2129,T109188,2026-01-04,Lawn Suit,4061.81
CUST2383,T392564,2026-01-04,Belt,6656.48
CUST2379,T508195,2026-01-04,Saree,1547.06
CUST2495,T542857,2026-01-04,Jeans,3473.42
CUST2568,T202387,2026-01-04,Blazer,2487.07
CUST2791,T700044,2026-01-04,Lawn Suit,8702.15
CUST2448,T298262,2026-01-04,Watch,1767.76
CUST2750,T821867,2026-01-04,Sneakers,2659.27
CUST2657,T306113,2026-01-04,Blazer,2687.39
CUST2432,T957027,2026-01-04,Sneakers,2998.24
CUST2308,T337271,2026-01-04,Sneakers,5371.11
CUST2111,T909640,2026-01-05,Lawn Suit,2208.11
CUST2235,T899187,2026-01-05,Watch,3900.92
CUST2402,T907205,2026-01-05,Formal Shoes,6245.46
CUST2312,T847695,2026-01-05,Dress,3623.15
CUST2575,T652660,2026-01-05,Lawn Suit,6347.07
CUST2065,T202287,2026-01-05,Blazer,4085.71
CUST2704,T700724,2026-01-05,Dress,3363.22
CUST2012,T994800,2026-01-05,Saree,2947.1
CUST2221,T154779,2026-01-05,Sneakers,1707.69
CUST2528,T282063,2026-01-05,Belt,3978.55
CUST2082,T667129,2026-01-05,Formal Shoes,2101.62
CUST2691,T249493,2026-01-05,Sneakers,5487.82
CUST2102,T365181,2026-01-05,Handbag,3141.51
CUST2793,T270119,2026-01-06,Belt,2475.88
CUST2640,T309341,2026-01-06,Lawn Suit,3353.06
CUST2729,T936460,2026-01-06,Jeans,2532.89
CUST2701,T931291,2026-01-06,Dress,1174.67
CUST2351,T440437,2026-01-06,Belt,8975.52
CUST2433,T252809,2026-01-06,Sneakers,3005.4
CUST2435,T743906,2026-01-06,Kurti,5343.8
CUST2605,T577529,2026-01-06,Blazer,3669.23
CUST2089,T935229,2026-01-06,Formal Shoes,3516.2
CUST2099,T274179,2026-01-06,Watch,5552.07
CUST2648,T746067,2026-01-06,Blazer,5714.25
CUST2529,T766789,2026-01-06,Dress,3118.14
CUST2158,T855027,2026-01-06,Cap,3223.6
CUST2665,T655698,2026-01-06,Sneakers,3239.86
CUST2698,T969024,2026-01-06,Kurti,4943.01
CUST2052,T945893,2026-01-06,Formal Shoes,8748.9
CUST2301,T879728,2026-01-06,Saree,4438.49
CUST2204,T687936,2026-01-06,Sneakers,2147.14
CUST2574,T571377,2026-01-07,Dress,1877.13
CUST2473,T216545,2026-01-07,Formal Shoes,4138.13
CUST2317,T123925,2026-01-07,Saree,3581.48
CUST2349,T172056,2026-01-07,Handbag,2207.37
CUST2172,T522066,2026-01-07,Kurti,3529.51
CUST2053,T253579,2026-01-07,Kurti,2782.47
CUST2684,T835342,2026-01-07,Lawn Suit,8116.43
CUST2054,T494966,2026-01-07,Lawn Suit,3523.52
CUST2478,T538423,2026-01-07,Watch,3551.66
CUST2617,T626740,2026-01-07,Formal Shoes,4324.56
CUST2340,T565335,2026-01-07,Handbag,2967.53
CUST2060,T987153,2026-01-08,Handbag,3387.15
CUST2697,T122219,2026-01-08,Cap,2481.06
CUST2013,T266908,2026-01-08,Cap,2909.25
CUST2371,T525089,2026-01-08,Cap,6790.6
CUST2521,T655484,2026-01-08,Kurti,3781.08
CUST2531,T748034,2026-01-08,Cap,8439.34
CUST2563,T642333,2026-01-08,Lawn Suit,5259.93
CUST2412,T364982,2026-01-08,Sneakers,1598.52
CUST2779,T867313,2026-01-08,Saree,5303.51
CUST2716,T440647,2026-01-08,Lawn Suit,4828.77
CUST2601,T535853,2026-01-08,Formal Shoes,2526.93
CUST2357,T176954,2026-01-08,Lawn Suit,2238.92
CUST2175,T204718,2026-01-09,Watch,1788.13
CUST2144,T906022,2026-01-09,Watch,3801.51
CUST2306,T982642,2026-01-09,Formal Shoes,2637.88
CUST2378,T578014,2026-01-09,Dress,4505.26
CUST2009,T623472,2026-01-09,Lawn Suit,2561.07
CUST2224,T683066,2026-01-09,Sneakers,1911.7
CUST2604,T408605,2026-01-09,Watch,5989.68
CUST2170,T212833,2026-01-09,Dress,3673.12
CUST2397,T239530,2026-01-09,Lawn Suit,5805.35
CUST2282,T575332,2026-01-09,Watch,7444.99
CUST2192,T329244,2026-01-09,Jeans,6464.14
CUST2620,T988508,2026-01-09,Blazer,2095.1
CUST2594,T785212,2026-01-09,Sneakers,3985.08
CUST2142,T973792,2026-01-10,Lawn Suit,2673.13
CUST2206,T186681,2026-01-10,Saree,1446.67
CUST2450,T724362,2026-01-10,Lawn Suit,4075.77
CUST2734,T573853,2026-01-10,Handbag,10165.22
CUST2400,T135633,2026-01-10,Cap,1551.42
CUST2325,T340439,2026-01-10,Watch,6826.99
CUST2237,T435120,2026-01-10,Handbag,3090.82
CUST2749,T523342,2026-01-10,Cap,5350.49
CUST2422,T809547,2026-01-10,Saree,7063.9
CUST2653,T404804,2026-01-10,Watch,2422.44
CUST2730,T116210,2026-01-10,Cap,2524.43
CUST2767,T655605,2026-01-10,Handbag,3852.34
CUST2333,T516327,2026-01-10,Watch,1764.67
CUST2254,T518777,2026-01-10,Watch,2373.85
CUST2788,T933479,2026-01-10,Handbag,8202.73
CUST2405,T989653,2026-01-10,Sneakers,1022.73
CUST2267,T275121,2026-01-10,Lawn Suit,2174.27
CUST2713,T634317,2026-01-10,Cap,2661.86
CUST2420,T397822,2026-01-10,Handbag,2732.3
CUST2576,T475811,2026-01-10,Formal Shoes,2073.11
CUST2087,T975614,2026-01-10,Formal Shoes,3798.45
CUST2202,T180798,2026-01-10,Saree,2130.82
CUST2045,T515388,2026-01-11,Formal Shoes,1157.17
CUST2042,T231206,2026-01-11,Watch,4587.02
CUST2335,T249147,2026-01-11,Cap,2847.14
CUST2647,T895794,2026-01-11,Dress,4061.03
CUST2126,T131299,2026-01-11,Cap,3613.45
CUST2701,T480054,2026-01-11,Formal Shoes,2334.71
CUST2268,T163759,2026-01-11,Formal Shoes,3797.05
CUST2103,T797469,2026-01-11,Saree,4111.4
CUST2141,T430999,2026-01-11,Lawn Suit,4474.83
CUST2705,T846842,2026-01-11,Lawn Suit,3086.54
CUST2487,T914947,2026-01-11,Formal Shoes,2312.56
CUST2003,T280270,2026-01-11,Jeans,4261.68
CUST2429,T700441,2026-01-11,Saree,2296.89
CUST2682,T425829,2026-01-11,Watch,1869.02
CUST2738,T242092,2026-01-11,Formal Shoes,3047.53
CUST2591,T509467,2026-01-11,Kurti,3037.0
CUST2114,T888589,2026-01-11,Cap,5794.64
CUST2739,T642649,2026-01-11,Blazer,6516.07
CUST2351,T688688,2026-01-11,Belt,9185.54
CUST2568,T334918,2026-01-11,Watch,3809.58
CUST2014,T589733,2026-01-11,Cap,3631.77
CUST2735,T122125,2026-01-11,Sneakers,3777.26
CUST2462,T707341,2026-01-12,Jeans,3639.42
CUST2699,T552800,2026-01-12,Jeans,1490.99
CUST2498,T277514,2026-01-12,Kurti,2607.83
CUST2526,T151426,2026-01-12,Sneakers,2903.3
CUST2404,T761097,2026-01-12,Belt,9138.7
CUST2020,T422503,2026-01-12,Formal Shoes,2046.89
CUST2456,T380935,2026-01-12,Jeans,3540.74
CUST2262,T619592,2026-01-12,Watch,3581.53
CUST2454,T127151,2026-01-12,Saree,1810.8
CUST2046,T112437,2026-01-12,Formal Shoes,8378.22
CUST2535,T280716,2026-01-12,Sneakers,1892.33
CUST2560,T800436,2026-01-12,Lawn Suit,4864.57
CUST2639,T849884,2026-01-12,Jeans,1991.49
CUST2514,T978523,2026-01-12,Handbag,953.15
CUST2441,T132119,2026-01-12,Belt,2891.02
CUST2249,T885556,2026-01-12,Jeans,3863.18
CUST2244,T331212,2026-01-12,Formal Shoes,8317.19
CUST2015,T184247,2026-01-12,Jeans,2112.65
CUST2480,T207060,2026-01-12,Blazer,3414.43
CUST2078,T578192,2026-01-12,Sneakers,2345.35
CUST2039,T595957,2026-01-12,Lawn Suit,10249.5
CUST2567,T603551,2026-01-12,Kurti,2948.17
CUST2534,T458675,2026-01-13,Saree,2806.6
CUST2602,T874851,2026-01-13,Kurti,2774.59
CUST2121,T540384,2026-01-13,Watch,1737.12
CUST2503,T215983,2026-01-13,Lawn Suit,3967.07
CUST2093,T916150,2026-01-13,Sneakers,3878.42
CUST2542,T156292,2026-01-13,Kurti,2973.45
CUST2673,T933633,2026-01-13,Saree,1425.66
CUST2366,T915136,2026-01-13,Watch,1505.95
CUST2633,T262313,2026-01-13,Blazer,3506.13
CUST2484,T215000,2026-01-13,Watch,2130.89
CUST2419,T778566,2026-01-13,Blazer,4130.38
CUST2745,T804193,2026-01-13,Jeans,2956.34
CUST2223,T277271,2026-01-13,Jeans,3358.25
CUST2625,T531227,2026-01-13,Formal Shoes,8092.34
CUST2629,T154312,2026-01-14,Dress,4113.93
CUST2539,T524515,2026-01-14,Cap,2706.87
CUST2173,T422150,2026-01-14,Formal Shoes,3960.45
CUST2154,T651383,2026-01-14,Belt,2591.44
CUST2035,T672121,2026-01-14,Belt,2187.43
CUST2524,T130068,2026-01-14,Lawn Suit,4152.07
CUST2263,T675253,2026-01-14,Saree,10435.98
CUST2470,T582276,2026-01-14,Sneakers,5288.92
CUST2577,T370217,2026-01-14,Watch,2172.52
CUST2670,T699210,2026-01-14,Cap,3555.94
CUST2191,T608499,2026-01-14,Blazer,4104.65
CUST2144,T461864,2026-01-14,Blazer,1972.69
CUST2761,T650122,2026-01-14,Jeans,4033.4
CUST2399,T418800,2026-01-14,Lawn Suit,3437.84
CUST2581,T522473,2026-01-14,Dress,2441.49
CUST2687,T824571,2026-01-14,Dress,4143.85
CUST2212,T738992,2026-01-14,Formal Shoes,7934.17
CUST2021,T846758,2026-01-14,Formal Shoes,6779.45
CUST2253,T404463,2026-01-14,Blazer,5045.26
CUST2026,T269350,2026-01-15,Sneakers,4748.23
CUST2186,T706675,2026-01-15,Cap,3246.46
CUST2381,T310131,2026-01-15,Handbag,1378.07
CUST2382,T222630,2026-01-15,Watch,1960.86
CUST2518,T635095,2026-01-15,Watch,3766.16
CUST2750,T774652,2026-01-15,Dress,3184.62
CUST2605,T897180,2026-01-15,Watch,1573.77
CUST2747,T999567,2026-01-15,Sneakers,3696.51
CUST2500,T241424,2026-01-15,Jeans,2375.44
CUST2571,T954855,2026-01-15,Dress,7552.97
CUST2097,T875053,2026-01-15,Handbag,2074.66
CUST2649,T963772,2026-01-15,Kurti,2986.23
CUST2358,T689742,2026-01-15,Lawn Suit,3288.69
CUST2246,T836618,2026-01-15,Formal Shoes,5717.97
CUST2507,T422678,2026-01-15,Jeans,3388.23
CUST2241,T666548,2026-01-15,Kurti,3760.68
CUST2427,T545326,2026-01-15,Formal Shoes,3572.05
CUST2554,T759571,2026-01-15,Saree,7476.62
CUST2621,T315075,2026-01-15,Handbag,3910.41
CUST2601,T632077,2026-01-15,Blazer,1933.81
CUST2426,T699205,2026-01-15,Blazer,2997.9
CUST2227,T506736,2026-01-16,Belt,2319.21
CUST2314,T318089,2026-01-16,Jeans,4094.22
CUST2377,T285812,2026-01-16,Sneakers,3489.01
CUST2000,T951163,2026-01-16,Formal Shoes,2732.63
CUST2265,T728226,2026-01-16,Watch,3879.7
CUST2361,T168903,2026-01-16,Lawn Suit,3430.4
CUST2352,T451850,2026-01-16,Cap,7099.08
CUST2728,T608301,2026-01-16,Cap,8157.54
CUST2783,T940003,2026-01-16,Cap,1812.99
CUST2085,T557845,2026-01-16,Jeans,2282.44
CUST2328,T124493,2026-01-16,Handbag,10013.78
CUST2442,T114212,2026-01-16,Sneakers,1822.32
CUST2205,T702611,2026-01-16,Handbag,3072.91
CUST2329,T113077,2026-01-16,Kurti,7018.91
CUST2383,T514032,2026-01-17,Blazer,6442.23
CUST2739,T274470,2026-01-17,Formal Shoes,3635.11
CUST2711,T410203,2026-01-17,Handbag,6406.99
CUST2250,T594844,2026-01-17,Cap,3092.78
CUST2015,T147249,2026-01-17,Formal Shoes,2997.32
CUST2127,T988557,2026-01-17,Blazer,3870.88
CUST2760,T286421,2026-01-17,Jeans,2582.02
CUST2636,T326013,2026-01-17,Dress,3353.75
CUST2331,T516084,2026-01-17,Handbag,2696.12
CUST2291,T840120,2026-01-17,Blazer,3939.28
CUST2064,T789358,2026-01-17,Cap,3589.17
CUST2380,T110866,2026-01-17,Blazer,5033.07
CUST2168,T881131,2026-01-18,Dress,2263.15
CUST2160,T486983,2026-01-18,Belt,1742.6
CUST2552,T147009,2026-01-18,Sneakers,3586.42
CUST2190,T920914,2026-01-18,Handbag,1656.46
CUST2644,T736252,2026-01-18,Belt,1723.24
CUST2763,T334248,2026-01-18,Blazer,5776.45
CUST2029,T627810,2026-01-18,Handbag,2613.86
CUST2417,T646800,2026-01-18,Watch,4241.59
CUST2251,T635319,2026-01-18,Dress,1748.66
CUST2413,T948576,2026-01-18,Handbag,2062.27
CUST2051,T117417,2026-01-18,Cap,4143.38
CUST2159,T677165,2026-01-18,Dress,6372.84
CUST2779,T665783,2026-01-18,Cap,2545.88
CUST2255,T464734,2026-01-19,Kurti,3333.62
CUST2418,T751977,2026-01-19,Formal Shoes,2323.0
CUST2166,T161443,2026-01-19,Belt,1589.1
CUST2613,T484985,2026-01-19,Saree,3616.78
CUST2772,T204011,2026-01-19,Blazer,3227.84
CUST2669,T509324,2026-01-19,Sneakers,1410.49
CUST2132,T747178,2026-01-19,Lawn Suit,3496.32
CUST2048,T504410,2026-01-19,Lawn Suit,4184.71
CUST2632,T295457,2026-01-19,Dress,9462.24
CUST2196,T186284,2026-01-19,Sneakers,9667.2
CUST2348,T110964,2026-01-19,Watch,2369.05
CUST2445,T544390,2026-01-19,Dress,2066.03
CUST2142,T663379,2026-01-19,Cap,1817.54
CUST2004,T448226,2026-01-19,Belt,1908.33
CUST2496,T743870,2026-01-19,Sneakers,1155.6
CUST2338,T143748,2026-01-19,Kurti,2607.53
CUST2231,T659466,2026-01-19,Kurti,936.61
CUST2337,T873987,2026-01-19,Belt,3527.32
CUST2079,T821941,2026-01-19,Jeans,8494.45
CUST2157,T553038,2026-01-20,Saree,4900.23
CUST2551,T661421,2026-01-20,Lawn Suit,2108.36
CUST2230,T172997,2026-01-20,Handbag,2221.66
CUST2674,T982458,2026-01-20,Dress,2388.27
CUST2603,T483674,2026-01-20,Cap,3459.1
CUST2485,T940649,2026-01-20,Dress,1680.91
CUST2078,T288929,2026-01-20,Formal Shoes,3057.84
CUST2484,T457514,2026-01-20,Saree,4299.17
CUST2474,T417319,2026-01-20,Blazer,2775.56
CUST2762,T303125,2026-01-20,Kurti,1790.07
CUST2743,T813208,2026-01-20,Belt,6552.64
CUST2238,T693104,2026-01-20,Saree,3364.61
CUST2135,T865268,2026-01-20,Handbag,2651.71
CUST2350,T743769,2026-01-20,Belt,3901.01
CUST2426,T418737,2026-01-21,Belt,2547.11
CUST2375,T568205,2026-01-21,Saree,2746.92
CUST2128,T501893,2026-01-21,Kurti,4950.76
CUST2599,T552585,2026-01-21,Cap,2304.06
CUST2558,T542898,2026-01-21,Kurti,4075.82
CUST2193,T229379,2026-01-21,Sneakers,3556.19
CUST2221,T611636,2026-01-21,Sneakers,3467.8
CUST2661,T734041,2026-01-21,Formal Shoes,3354.61
CUST2490,T249355,2026-01-21,Kurti,3765.54
CUST2106,T508585,2026-01-21,Jeans,2566.84
CUST2663,T232780,2026-01-21,Watch,4106.96
CUST2270,T723711,2026-01-21,Jeans,2434.77
CUST2691,T190331,2026-01-21,Lawn Suit,7891.93
CUST2712,T548088,2026-01-21,Jeans,2245.85
CUST2117,T225223,2026-01-21,Lawn Suit,4765.45
CUST2499,T925568,2026-01-21,Lawn Suit,3350.17
CUST2715,T133509,2026-01-21,Jeans,4925.77
CUST2479,T531785,2026-01-21,Jeans,2624.89
CUST2288,T327166,2026-01-21,Dress,1807.08
CUST2557,T534438,2026-01-21,Formal Shoes,8154.93
CUST2468,T651764,2026-01-21,Belt,1955.27
CUST2442,T285843,2026-01-22,Formal Shoes,2247.58
CUST2310,T746917,2026-01-22,Dress,4344.54
CUST2050,T663965,2026-01-22,Dress,3423.67
CUST2602,T589045,2026-01-22,Lawn Suit,1383.81
CUST2341,T362471,2026-01-22,Cap,4088.9
CUST2733,T524045,2026-01-22,Kurti,3218.44
CUST2108,T431211,2026-01-22,Formal Shoes,2762.44
CUST2493,T606538,2026-01-22,Jeans,3325.59
CUST2209,T948594,2026-01-22,Handbag,6219.29
CUST2440,T128648,2026-01-22,Watch,3716.89
CUST2481,T336532,2026-01-22,Sneakers,1705.8
CUST2676,T464719,2026-01-22,Dress,7980.06
CUST2246,T255498,2026-01-22,Cap,4326.95
CUST2512,T927432,2026-01-22,Lawn Suit,5046.63
CUST2217,T116568,2026-01-22,Handbag,832.44
CUST2381,T603572,2026-01-22,Watch,3979.13
CUST2071,T745706,2026-01-22,Kurti,4824.69
CUST2394,T566516,2026-01-22,Lawn Suit,2101.49
CUST2090,T942024,2026-01-23,Jeans,6266.01
CUST2083,T823196,2026-01-23,Jeans,4026.42
CUST2089,T729685,2026-01-23,Formal Shoes,4256.45
CUST2245,T854645,2026-01-23,Belt,5027.7
CUST2505,T521657,2026-01-23,Kurti,2912.49
CUST2716,T126785,2026-01-23,Dress,2634.08
CUST2451,T875059,2026-01-23,Blazer,3292.44
CUST2787,T836436,2026-01-23,Lawn Suit,6889.25
CUST2642,T890906,2026-01-23,Saree,3587.18
CUST2545,T375509,2026-01-23,Kurti,3411.68
CUST2789,T335840,2026-01-23,Handbag,2111.67
CUST2377,T558104,2026-01-23,Dress,2495.07
CUST2549,T500294,2026-01-23,Blazer,6749.57
CUST2137,T198377,2026-01-23,Cap,3237.24
CUST2267,T797156,2026-01-23,Formal Shoes,4309.15
CUST2174,T709085,2026-01-23,Kurti,4281.15
CUST2455,T246559,2026-01-23,Jeans,1953.33
CUST2218,T253978,2026-01-23,Dress,4199.9
CUST2690,T300954,2026-01-23,Jeans,3478.04
CUST2325,T800919,2026-01-24,Blazer,5088.19
CUST2044,T887598,2026-01-24,Watch,2023.9
CUST2548,T233875,2026-01-24,Saree,3207.61
CUST2355,T808779,2026-01-24,Dress,6540.13
CUST2520,T116608,2026-01-24,Lawn Suit,1520.76
CUST2211,T873928,2026-01-24,Sneakers,1759.89
CUST2635,T378511,2026-01-24,Lawn Suit,2203.98
CUST2546,T965555,2026-01-24,Sneakers,3827.19
CUST2330,T902128,2026-01-24,Handbag,2311.27
CUST2706,T148232,2026-01-24,Jeans,1628.43
CUST2326,T276344,2026-01-25,Cap,9675.18
CUST2380,T964997,2026-01-25,Formal Shoes,5810.08
CUST2406,T944473,2026-01-25,Sneakers,1445.01
CUST2283,T838078,2026-01-25,Cap,3865.22
CUST2618,T722525,2026-01-25,Dress,1827.13
CUST2286,T886977,2026-01-25,Lawn Suit,1960.47
CUST2764,T234119,2026-01-25,Jeans,2623.29
CUST2497,T254907,2026-01-25,Kurti,1769.82
CUST2424,T974491,2026-01-25,Sneakers,4740.39
CUST2080,T148739,2026-01-25,Watch,1938.84
CUST2695,T375272,2026-01-25,Blazer,2945.76
CUST2553,T886376,2026-01-25,Lawn Suit,5663.33
CUST2522,T477223,2026-01-25,Saree,2700.27
CUST2629,T982603,2026-01-25,Watch,4530.49
CUST2086,T146376,2026-01-25,Belt,3672.4
CUST2261,T317771,2026-01-25,Jeans,1747.44
CUST2408,T623207,2026-01-25,Belt,3162.37
CUST2755,T877652,2026-01-25,Cap,2055.5
CUST2110,T823850,2026-01-25,Saree,2304.28
CUST2301,T396633,2026-01-25,Dress,3632.61
CUST2105,T621527,2026-01-25,Jeans,1941.78
CUST2719,T279426,2026-01-25,Watch,2815.86
CUST2508,T430887,2026-01-26,Dress,3705.57
CUST2067,T599507,2026-01-26,Formal Shoes,4307.34
CUST2328,T531810,2026-01-26,Formal Shoes,7513.67
CUST2665,T400021,2026-01-26,Sneakers,2658.24
CUST2459,T564727,2026-01-26,Dress,4633.68
CUST2701,T266567,2026-01-26,Lawn Suit,1077.79
CUST2051,T381901,2026-01-26,Watch,2666.58
CUST2794,T524046,2026-01-26,Saree,5131.33
CUST2339,T398868,2026-01-26,Blazer,4941.85
CUST2734,T806120,2026-01-26,Saree,7265.99
CUST2213,T815930,2026-01-26,Saree,2318.78
CUST2164,T700091,2026-01-26,Kurti,4032.08
CUST2776,T414179,2026-01-26,Cap,2702.22
CUST2324,T714009,2026-01-27,Blazer,1163.78
CUST2096,T346816,2026-01-27,Dress,7711.93
CUST2730,T585177,2026-01-27,Cap,3232.9
CUST2506,T757030,2026-01-27,Jeans,3068.26
CUST2479,T439863,2026-01-27,Formal Shoes,4720.65
CUST2465,T728263,2026-01-27,Kurti,1822.84
CUST2516,T908391,2026-01-27,Kurti,5609.75
CUST2125,T286603,2026-01-27,Dress,4817.8
CUST2247,T381557,2026-01-27,Dress,1934.46
CUST2795,T398457,2026-01-27,Sneakers,3793.39
CUST2756,T598336,2026-01-27,Sneakers,6980.59
CUST2364,T756133,2026-01-27,Saree,2632.76
CUST2536,T707326,2026-01-27,Saree,4042.61
CUST2240,T338198,2026-01-27,Dress,4551.34
CUST2733,T538267,2026-01-28,Handbag,6336.47
CUST2595,T867532,2026-01-28,Jeans,2770.56
CUST2739,T115157,2026-01-28,Cap,3474.29
CUST2647,T770167,2026-01-28,Lawn Suit,2499.85
CUST2060,T251822,2026-01-28,Jeans,4169.39
CUST2087,T436008,2026-01-28,Kurti,1777.6
CUST2441,T481581,2026-01-28,Blazer,2008.91
CUST2588,T178094,2026-01-28,Jeans,2383.8
CUST2444,T676299,2026-01-28,Formal Shoes,1443.2
CUST2369,T581261,2026-01-28,Watch,8050.28
CUST2640,T117477,2026-01-28,Formal Shoes,4911.83
CUST2783,T192628,2026-01-28,Handbag,2573.52
CUST2414,T791484,2026-01-28,Cap,4321.39
CUST2411,T286653,2026-01-28,Lawn Suit,4051.53
CUST2020,T744389,2026-01-28,Belt,4466.81
CUST2769,T534996,2026-01-28,Handbag,1780.93
CUST2371,T852417,2026-01-28,Sneakers,6409.56
CUST2412,T688319,2026-01-28,Formal Shoes,2409.19
CUST2028,T987159,2026-01-29,Formal Shoes,4396.62
CUST2344,T315279,2026-01-29,Saree,6776.07
CUST2202,T535431,2026-01-29,Handbag,3718.51
CUST2596,T103992,2026-01-29,Lawn Suit,3163.87
CUST2627,T920457,2026-01-29,Saree,3466.33
CUST2437,T423644,2026-01-29,Handbag,1847.98
CUST2194,T572215,2026-01-29,Dress,9821.95
CUST2158,T898376,2026-01-29,Kurti,3856.08
CUST2000,T339437,2026-01-29,Jeans,2642.66
CUST2635,T362109,2026-01-29,Watch,1669.19
CUST2796,T456368,2026-01-29,Handbag,2631.13
CUST2491,T673081,2026-01-29,Lawn Suit,3010.28
CUST2227,T655659,2026-01-29,Saree,1878.89
CUST2074,T849975,2026-01-29,Jeans,3788.58
CUST2471,T837964,2026-01-29,Lawn Suit,1673.72
CUST2672,T198380,2026-01-29,Blazer,3786.43
CUST2662,T649294,2026-01-29,Cap,5421.82
CUST2123,T237212,2026-01-29,Handbag,4282.89
CUST2657,T181293,2026-01-29,Kurti,2206.03
CUST2673,T165620,2026-01-29,Dress,1609.95
CUST2519,T673243,2026-01-30,Watch,2537.87
CUST2793,T121391,2026-01-30,Saree,1503.69
CUST2353,T745333,2026-01-30,Dress,2874.67
CUST2685,T164998,2026-01-30,Handbag,3228.13
CUST2694,T961141,2026-01-30,Handbag,3675.71
CUST2609,T118916,2026-01-30,Saree,3161.61
CUST2716,T823207,2026-01-30,Sneakers,2221.94
CUST2300,T163664,2026-01-30,Handbag,3826.67
CUST2602,T299747,2026-01-30,Jeans,4376.42
CUST2256,T406583,2026-01-30,Handbag,5587.0
CUST2630,T374774,2026-01-30,Dress,3441.21
CUST2384,T850181,2026-01-30,Jeans,2797.13
CUST2163,T982718,2026-01-30,Belt,3257.37
CUST2350,T465770,2026-01-30,Blazer,1550.09
CUST2433,T584550,2026-01-30,Jeans,3868.56
CUST2781,T794176,2026-01-30,Saree,2414.68
CUST2285,T439921,2026-01-30,Handbag,4593.98
CUST2422,T858631,2026-01-30,Watch,9457.97
CUST2018,T215079,2026-01-30,Jeans,5130.2
CUST2154,T974899,2026-01-30,Saree,1851.31
CUST2571,T126681,2026-01-31,Watch,5529.34
CUST2660,T160592,2026-01-31,Watch,2639.59
CUST2532,T569090,2026-01-31,Formal Shoes,4114.78
CUST2025,T531122,2026-01-31,Lawn Suit,3620.18
CUST2225,T545660,2026-01-31,Kurti,5357.68
CUST2754,T909391,2026-01-31,Dress,7514.17
CUST2023,T606518,2026-01-31,Cap,2302.35
CUST2785,T190980,2026-01-31,Saree,5444.11
CUST2146,T321471,2026-01-31,Formal Shoes,9565.55
CUST2165,T718714,2026-01-31,Jeans,4180.18
CUST2525,T504776,2026-01-31,Saree,3295.18
CUST2283,T216811,2026-01-31,Blazer,2679.74
CUST2429,T199793,2026-01-31,Handbag,2435.86
CUST2623,T899347,2026-01-31,Lawn Suit,3266.78
CUST2172,T500091,2026-01-31,Cap,2883.13
CUST2614,T554507,2026-01-31,Lawn Suit,3972.14
CUST2031,T441363,2026-01-31,Dress,2203.42
CUST2759,T442490,2026-01-31,Formal Shoes,3045.24
CUST2138,T659937,2026-02-01,Dress,3949.18
CUST2474,T462049,2026-02-01,Formal Shoes,1864.68
CUST2707,T248814,2026-02-01,Watch,4420.67
CUST2385,T501910,2026-02-01,Formal Shoes,2080.7
CUST2709,T337207,2026-02-01,Kurti,2526.25
CUST2784,T688034,2026-02-01,Dress,2099.25
CUST2189,T257918,2026-02-01,Blazer,3060.49
CUST2526,T242711,2026-02-01,Saree,3258.11
CUST2516,T837845,2026-02-01,Jeans,6043.17
CUST2642,T630313,2026-02-01,Jeans,2112.5
CUST2584,T980190,2026-02-01,Belt,5823.16
CUST2560,T901008,2026-02-01,Jeans,3703.06
CUST2456,T718728,2026-02-01,Watch,4608.13
CUST2668,T618448,2026-02-01,Lawn Suit,2269.41
CUST2723,T475123,2026-02-02,Jeans,3357.78
CUST2715,T779387,2026-02-02,Formal Shoes,4337.26
CUST2708,T376903,2026-02-02,Formal Shoes,3379.96
CUST2753,T255998,2026-02-02,Jeans,6480.46
CUST2559,T681482,2026-02-02,Lawn Suit,4494.23
CUST2276,T269169,2026-02-02,Kurti,9405.07
CUST2402,T455896,2026-02-02,Watch,4625.26
CUST2199,T344818,2026-02-02,Handbag,3306.24
CUST2408,T904214,2026-02-02,Lawn Suit,2577.3
CUST2339,T775404,2026-02-02,Formal Shoes,6683.29
CUST2314,T478135,2026-02-02,Belt,5097.17
CUST2006,T337704,2026-02-02,Jeans,7683.06
CUST2745,T679864,2026-02-02,Formal Shoes,3413.41
CUST2267,T402578,2026-02-02,Watch,4281.15
CUST2259,T692402,2026-02-02,Dress,1764.65
CUST2478,T280524,2026-02-02,Formal Shoes,2717.13
CUST2530,T790137,2026-02-02,Formal Shoes,2520.47
CUST2226,T129326,2026-02-02,Belt,2252.82
CUST2223,T769389,2026-02-03,Watch,2747.26
CUST2593,T975783,2026-02-03,Jeans,2717.36
CUST2594,T615844,2026-02-03,Belt,1630.36
CUST2366,T758025,2026-02-03,Lawn Suit,2933.5
CUST2036,T897015,2026-02-03,Cap,4209.8
CUST2719,T545830,2026-02-03,Belt,3913.9
CUST2311,T665770,2026-02-03,Belt,2624.93
CUST2092,T600027,2026-02-03,Saree,4071.09
CUST2798,T571918,2026-02-03,Blazer,1497.86
CUST2757,T428519,2026-02-03,Dress,2408.57
CUST2258,T839397,2026-02-03,Watch,2723.81
CUST2420,T170821,2026-02-03,Saree,2831.19
CUST2717,T548061,2026-02-03,Kurti,1323.9
CUST2156,T543879,2026-02-03,Dress,3066.56
CUST2210,T539427,2026-02-03,Belt,4128.92
CUST2383,T244526,2026-02-03,Watch,3815.81
CUST2055,T317871,2026-02-04,Blazer,6564.94
CUST2583,T414940,2026-02-04,Saree,2827.41
CUST2374,T206190,2026-02-04,Dress,4229.3
CUST2187,T287313,2026-02-04,Jeans,9028.82
CUST2482,T950273,2026-02-04,Belt,4226.36
CUST2485,T586098,2026-02-04,Watch,3345.13
CUST2094,T144831,2026-02-04,Cap,3751.32
CUST2360,T960187,2026-02-04,Belt,2599.09
CUST2654,T176146,2026-02-04,Blazer,2601.85
CUST2098,T474523,2026-02-04,Dress,6953.74
CUST2241,T699589,2026-02-04,Handbag,2933.8
CUST2680,T830112,2026-02-04,Formal Shoes,4554.3
CUST2013,T547327,2026-02-04,Dress,1544.56
CUST2106,T868661,2026-02-04,Watch,2138.42
CUST2564,T374703,2026-02-04,Handbag,3272.67
CUST2361,T789020,2026-02-04,Cap,2757.06
CUST2317,T752677,2026-02-04,Jeans,3660.75
CUST2462,T150852,2026-02-04,Saree,1570.64
CUST2736,T985860,2026-02-04,Kurti,2048.56
CUST2473,T340810,2026-02-04,Kurti,2684.46
CUST2378,T402514,2026-02-04,Handbag,2222.13
CUST2735,T391113,2026-02-04,Belt,1729.57
CUST2739,T583184,2026-02-05,Cap,8227.52
CUST2365,T963511,2026-02-05,Lawn Suit,3866.52
CUST2253,T626217,2026-02-05,Lawn Suit,2426.92
CUST2725,T533403,2026-02-05,Handbag,3888.96
CUST2758,T456193,2026-02-05,Dress,7084.73
CUST2099,T995570,2026-02-05,Dress,7682.17
CUST2630,T191714,2026-02-05,Dress,2763.16
CUST2057,T159460,2026-02-05,Lawn Suit,1361.05
CUST2688,T947954,2026-02-05,Cap,3382.46
CUST2477,T734721,2026-02-05,Cap,2793.58
CUST2184,T851788,2026-02-05,Handbag,1023.3
CUST2120,T824604,2026-02-05,Jeans,3675.77
CUST2384,T242424,2026-02-05,Kurti,4068.19
CUST2059,T515726,2026-02-05,Cap,2427.06
CUST2558,T446282,2026-02-05,Cap,2279.66
CUST2403,T204702,2026-02-06,Belt,3386.89
CUST2088,T426355,2026-02-06,Kurti,4423.97
CUST2561,T111158,2026-02-06,Lawn Suit,7917.76
CUST2349,T996725,2026-02-06,Handbag,2619.22
CUST2625,T499212,2026-02-06,Formal Shoes,6726.31
CUST2020,T732314,2026-02-06,Jeans,4523.58
CUST2240,T686131,2026-02-06,Dress,3884.67
CUST2370,T269429,2026-02-06,Formal Shoes,5897.05
CUST2480,T899481,2026-02-06,Sneakers,3765.76
CUST2260,T411967,2026-02-06,Kurti,6969.57
CUST2555,T844311,2026-02-06,Dress,4194.58
CUST2301,T802967,2026-02-06,Blazer,4521.63
CUST2459,T797590,2026-02-07,Sneakers,4299.92
CUST2128,T654940,2026-02-07,Cap,7062.68
CUST2326,T714831,2026-02-07,Cap,4978.45
CUST2627,T225089,2026-02-07,Sneakers,7321.38
CUST2363,T386582,2026-02-07,Saree,4478.83
CUST2204,T169801,2026-02-07,Formal Shoes,4197.66
CUST2032,T854463,2026-02-07,Belt,2813.95
CUST2060,T108921,2026-02-07,Kurti,2237.32
CUST2066,T295795,2026-02-07,Watch,2377.31
CUST2607,T852507,2026-02-07,Lawn Suit,2182.12
CUST2635,T597321,2026-02-07,Blazer,2753.65
CUST2163,T250623,2026-02-07,Saree,6915.81
CUST2352,T579077,2026-02-07,Cap,3221.59
CUST2711,T643179,2026-02-07,Kurti,7107.47
CUST2357,T300563,2026-02-07,Kurti,2414.85
CUST2030,T110762,2026-02-07,Blazer,2835.22
CUST2516,T510743,2026-02-07,Dress,5003.02
CUST2500,T458039,2026-02-08,Belt,2010.12
CUST2658,T335801,2026-02-08,Jeans,4519.48
CUST2222,T958800,2026-02-08,Formal Shoes,3646.81
CUST2109,T585647,2026-02-08,Sneakers,1698.16
CUST2024,T985640,2026-02-08,Saree,4297.82
CUST2025,T794067,2026-02-08,Handbag,1740.88
CUST2395,T917040,2026-02-08,Handbag,7932.22
CUST2692,T723566,2026-02-08,Belt,2885.84
CUST2442,T858006,2026-02-08,Watch,2419.46
CUST2353,T714312,2026-02-08,Cap,1668.97
CUST2662,T535840,2026-02-08,Saree,3459.62
CUST2299,T959146,2026-02-08,Kurti,3809.22
CUST2064,T178150,2026-02-08,Cap,2254.43
CUST2522,T840513,2026-02-08,Kurti,3630.56
CUST2602,T559041,2026-02-08,Saree,4571.59
CUST2777,T966904,2026-02-08,Sneakers,4588.15
CUST2264,T218779,2026-02-09,Blazer,6579.58
CUST2720,T376208,2026-02-09,Saree,4977.97
CUST2397,T133546,2026-02-09,Saree,7437.05
CUST2460,T819848,2026-02-09,Watch,3214.57
CUST2552,T973700,2026-02-09,Formal Shoes,6027.4
CUST2638,T969226,2026-02-09,Watch,3473.45
CUST2173,T372870,2026-02-09,Sneakers,3713.12
CUST2069,T522400,2026-02-09,Cap,3492.24
CUST2256,T919317,2026-02-10,Belt,6758.87
CUST2126,T622735,2026-02-10,Lawn Suit,4127.48
CUST2681,T271934,2026-02-10,Lawn Suit,4389.51
CUST2654,T560999,2026-02-10,Formal Shoes,3917.53
CUST2271,T924612,2026-02-10,Kurti,4331.32
CUST2530,T235293,2026-02-10,Dress,1833.44
CUST2160,T824833,2026-02-10,Watch,2444.46
CUST2664,T362390,2026-02-10,Sneakers,4058.59
CUST2086,T653927,2026-02-10,Lawn Suit,4017.19
CUST2362,T770392,2026-02-10,Watch,2388.48
CUST2252,T519373,2026-02-10,Formal Shoes,1589.56
CUST2550,T346549,2026-02-10,Cap,1339.56
CUST2532,T644061,2026-02-10,Saree,3633.84
CUST2237,T258206,2026-02-10,Belt,3122.63
CUST2493,T324818,2026-02-10,Jeans,4191.53
CUST2307,T309688,2026-02-10,Handbag,4201.0
CUST2190,T389108,2026-02-10,Blazer,2577.88
CUST2215,T492726,2026-02-10,Blazer,3820.78
CUST2568,T907934,2026-02-10,Dress,2038.4
CUST2132,T105751,2026-02-10,Cap,3544.69
CUST2740,T149708,2026-02-10,Lawn Suit,4717.84
CUST2440,T512685,2026-02-10,Saree,2785.74
CUST2361,T544517,2026-02-11,Sneakers,4434.7
CUST2290,T958700,2026-02-11,Handbag,5124.12
CUST2282,T567602,2026-02-11,Handbag,4378.75
CUST2354,T710361,2026-02-11,Handbag,4509.58
CUST2791,T481438,2026-02-11,Belt,5995.12
CUST2112,T778018,2026-02-11,Lawn Suit,2840.94
CUST2671,T754858,2026-02-11,Blazer,3745.99
CUST2003,T972751,2026-02-11,Dress,2100.85
CUST2251,T892371,2026-02-11,Kurti,4028.69
CUST2114,T777420,2026-02-11,Cap,8523.07
CUST2040,T376038,2026-02-11,Jeans,1749.88
CUST2736,T393006,2026-02-11,Sneakers,4484.58
CUST2213,T604224,2026-02-11,Saree,4035.92
CUST2694,T997579,2026-02-11,Belt,8561.99
CUST2614,T590013,2026-02-11,Handbag,6485.28
CUST2605,T963565,2026-02-11,Belt,4188.23
CUST2529,T859006,2026-02-11,Formal Shoes,2456.31
CUST2651,T551161,2026-02-12,Cap,3609.06
CUST2606,T591631,2026-02-12,Sneakers,2074.77
CUST2480,T552664,2026-02-12,Dress,1492.06
CUST2171,T857453,2026-02-12,Kurti,3734.04
CUST2659,T872979,2026-02-12,Sneakers,3448.01
CUST2055,T581107,2026-02-12,Dress,3157.27
CUST2637,T517645,2026-02-12,Watch,3422.51
CUST2599,T887124,2026-02-12,Watch,4477.07
CUST2321,T932728,2026-02-12,Watch,9294.92
CUST2408,T823787,2026-02-12,Dress,4195.01
CUST2308,T225537,2026-02-12,Lawn Suit,6615.09
CUST2535,T974162,2026-02-12,Dress,2766.89
CUST2755,T104270,2026-02-12,Handbag,2789.7
CUST2620,T221736,2026-02-12,Dress,3611.38
CUST2731,T829755,2026-02-12,Dress,3566.75
CUST2242,T117905,2026-02-13,Saree,3018.54
CUST2463,T951143,2026-02-13,Formal Shoes,2040.75
CUST2562,T317134,2026-02-13,Blazer,1955.67
CUST2486,T772983,2026-02-13,Kurti,3527.83
CUST2577,T471522,2026-02-13,Belt,3379.63
CUST2022,T618578,2026-02-13,Jeans,3406.85
CUST2698,T298117,2026-02-13,Sneakers,4036.67
CUST2033,T627526,2026-02-13,Sneakers,3250.01
CUST2506,T233110,2026-02-13,Sneakers,2555.02
CUST2438,T589281,2026-02-13,Sneakers,4441.17
CUST2523,T205316,2026-02-13,Watch,2471.57
CUST2135,T972362,2026-02-13,Sneakers,4674.49
CUST2384,T838216,2026-02-13,Cap,2545.02
CUST2048,T195295,2026-02-13,Watch,5218.29
CUST2431,T944177,2026-02-13,Watch,7881.46
CUST2695,T422636,2026-02-13,Watch,2162.78
CUST2656,T889040,2026-02-14,Sneakers,3960.89
CUST2782,T499434,2026-02-14,Kurti,3084.75
CUST2456,T722165,2026-02-14,Lawn Suit,3589.54
CUST2775,T416278,2026-02-14,Handbag,7580.17
CUST2146,T929456,2026-02-14,Cap,9464.84
CUST2607,T162545,2026-02-14,Sneakers,3862.69
CUST2436,T259758,2026-02-14,Formal Shoes,3156.2
CUST2335,T633369,2026-02-14,Watch,1932.19
CUST2351,T471879,2026-02-14,Dress,7717.98
CUST2249,T121388,2026-02-14,Dress,1924.8
CUST2628,T591424,2026-02-14,Blazer,2328.91
CUST2588,T167246,2026-02-14,Cap,3598.37
CUST2413,T714302,2026-02-14,Lawn Suit,1833.72
CUST2310,T314414,2026-02-15,Blazer,3561.87
CUST2262,T325378,2026-02-15,Belt,7883.95
CUST2221,T621403,2026-02-15,Cap,1596.95
CUST2426,T944415,2026-02-15,Kurti,5030.41
CUST2442,T397640,2026-02-15,Lawn Suit,2778.84
CUST2050,T668652,2026-02-15,Dress,2533.72
CUST2020,T966305,2026-02-15,Handbag,3467.03
CUST2762,T420903,2026-02-15,Saree,3539.28
CUST2450,T835962,2026-02-15,Saree,2641.29
CUST2128,T459219,2026-02-15,Formal Shoes,6201.83
CUST2063,T263081,2026-02-15,Kurti,3574.34
CUST2108,T230331,2026-02-15,Kurti,3895.05
CUST2493,T540227,2026-02-15,Belt,4580.44
CUST2677,T939424,2026-02-15,Saree,3361.03
CUST2118,T532390,2026-02-15,Cap,2960.34
CUST2417,T793041,2026-02-16,Belt,3114.95
CUST2168,T980946,2026-02-16,Handbag,3680.3
CUST2704,T259582,2026-02-16,Kurti,3398.36
CUST2526,T148672,2026-02-16,Jeans,3966.76
CUST2662,T699123,2026-02-16,Dress,8292.99
CUST2196,T615508,2026-02-16,Lawn Suit,8834.09
CUST2183,T925381,2026-02-16,Kurti,3680.45
CUST2515,T158019,2026-02-16,Cap,2126.48
CUST2011,T865975,2026-02-16,Kurti,2882.01
CUST2785,T470182,2026-02-16,Jeans,4579.28
CUST2035,T726390,2026-02-16,Jeans,3736.7
CUST2569,T435938,2026-02-16,Belt,1975.93
CUST2132,T499638,2026-02-16,Saree,4408.43
CUST2224,T553941,2026-02-16,Lawn Suit,4073.73
CUST2252,T169951,2026-02-16,Formal Shoes,1795.01
CUST2495,T884846,2026-02-16,Sneakers,4985.95
CUST2516,T858609,2026-02-16,Dress,6400.38
CUST2376,T210349,2026-02-17,Kurti,2783.61
CUST2766,T832118,2026-02-17,Kurti,1902.83
CUST2559,T463973,2026-02-17,Sneakers,2961.58
CUST2579,T769331,2026-02-17,Cap,1469.8
CUST2715,T931000,2026-02-17,Dress,4525.96
CUST2400,T184512,2026-02-17,Lawn Suit,3339.25
CUST2564,T558339,2026-02-17,Dress,1794.04
CUST2276,T951679,2026-02-17,Handbag,8242.2
CUST2582,T975688,2026-02-17,Sneakers,9201.57
CUST2092,T838087,2026-02-17,Dress,4810.68
CUST2106,T661289,2026-02-17,Jeans,2157.31
CUST2547,T380978,2026-02-17,Formal Shoes,4742.2
CUST2747,T869370,2026-02-17,Kurti,3519.36
CUST2061,T621438,2026-02-17,Saree,3940.92
CUST2333,T437196,2026-02-17,Cap,2712.17
CUST2238,T187310,2026-02-17,Belt,3938.77
CUST2749,T153444,2026-02-17,Cap,6442.89
CUST2129,T991600,2026-02-18,Blazer,1909.49
CUST2457,T872777,2026-02-18,Saree,3685.14
CUST2102,T845816,2026-02-18,Lawn Suit,2227.38
CUST2433,T257752,2026-02-18,Sneakers,1569.75
CUST2348,T278642,2026-02-18,Cap,2166.97
CUST2039,T839721,2026-02-18,Blazer,7814.14
CUST2772,T207212,2026-02-18,Belt,2916.32
CUST2381,T297115,2026-02-18,Dress,2747.33
CUST2186,T151587,2026-02-18,Belt,3922.09
CUST2114,T600204,2026-02-18,Sneakers,6323.52
CUST2394,T961721,2026-02-18,Cap,2087.47
CUST2321,T174666,2026-02-18,Blazer,4158.57
CUST2548,T477863,2026-02-19,Jeans,1382.55
CUST2170,T219916,2026-02-19,Belt,1944.8
CUST2437,T142972,2026-02-19,Dress,3572.78
CUST2012,T584678,2026-02-19,Sneakers,2648.47
CUST2684,T159734,2026-02-19,Belt,8585.91
CUST2693,T537285,2026-02-19,Jeans,4294.25
CUST2033,T854823,2026-02-19,Handbag,2532.26
CUST2340,T488251,2026-02-19,Kurti,3674.59
CUST2131,T454421,2026-02-19,Lawn Suit,4502.51
CUST2519,T929514,2026-02-19,Kurti,2047.26
CUST2351,T672744,2026-02-19,Kurti,6337.62
CUST2032,T797993,2026-02-19,Kurti,3812.71
CUST2306,T606863,2026-02-19,Cap,3472.13
CUST2281,T395937,2026-02-19,Dress,2953.57
CUST2439,T469578,2026-02-19,Blazer,8734.55
CUST2191,T784209,2026-02-19,Watch,3314.64
CUST2040,T983858,2026-02-19,Belt,4698.59
CUST2020,T330515,2026-02-20,Cap,1489.64
CUST2150,T904894,2026-02-20,Jeans,1410.75
CUST2341,T763341,2026-02-20,Lawn Suit,4504.44
CUST2344,T324125,2026-02-20,Blazer,7598.36
CUST2291,T785715,2026-02-20,Kurti,1024.2
CUST2305,T701310,2026-02-20,Saree,2397.84
CUST2498,T263327,2026-02-20,Watch,2757.33
CUST2059,T688662,2026-02-20,Sneakers,2292.33
CUST2536,T221758,2026-02-20,Cap,6692.65
CUST2384,T126692,2026-02-20,Dress,3831.17
CUST2550,T976678,2026-02-20,Formal Shoes,1702.22
CUST2117,T250762,2026-02-20,Kurti,4321.03
CUST2202,T369735,2026-02-20,Saree,3046.58
CUST2066,T543048,2026-02-20,Watch,2157.7
CUST2382,T467698,2026-02-20,Cap,4074.24
CUST2691,T270863,2026-02-20,Lawn Suit,4833.41
CUST2287,T338341,2026-02-21,Belt,4047.27
CUST2561,T732528,2026-02-21,Jeans,6784.71
CUST2471,T672663,2026-02-21,Cap,3870.49
CUST2052,T428490,2026-02-21,Sneakers,7774.05
CUST2047,T822570,2026-02-21,Formal Shoes,1992.37
CUST2546,T891816,2026-02-21,Saree,3345.28
CUST2120,T147619,2026-02-21,Dress,6108.85
CUST2272,T484623,2026-02-21,Handbag,2058.68
CUST2044,T694599,2026-02-21,Blazer,2235.36
CUST2524,T448392,2026-02-21,Sneakers,2071.33
CUST2274,T234711,2026-02-21,Blazer,3037.15
CUST2760,T844786,2026-02-21,Saree,3585.61
CUST2435,T698075,2026-02-21,Belt,4524.81
CUST2199,T956998,2026-02-21,Saree,3003.03
CUST2717,T993740,2026-02-21,Saree,3661.96
CUST2194,T125862,2026-02-21,Cap,7959.81
CUST2365,T530674,2026-02-21,Lawn Suit,3619.33
CUST2230,T461216,2026-02-21,Sneakers,3466.98
CUST2497,T430987,2026-02-22,Handbag,3414.8
CUST2250,T977756,2026-02-22,Belt,2701.2
CUST2694,T425589,2026-02-22,Dress,5865.55
CUST2740,T832389,2026-02-22,Lawn Suit,2886.82
CUST2055,T463463,2026-02-22,Watch,8510.88
CUST2079,T255247,2026-02-22,Cap,8673.43
CUST2484,T217680,2026-02-22,Belt,4466.87
CUST2246,T260240,2026-02-22,Sneakers,7476.79
CUST2775,T882803,2026-02-22,Blazer,3949.31
CUST2026,T673868,2026-02-22,Kurti,4149.27
CUST2537,T742722,2026-02-23,Formal Shoes,3424.65
CUST2427,T210547,2026-02-23,Belt,2367.97
CUST2188,T185131,2026-02-23,Saree,3472.01
CUST2593,T687790,2026-02-23,Dress,2695.23
CUST2528,T742408,2026-02-23,Watch,2082.09
CUST2735,T681728,2026-02-23,Dress,2968.49
CUST2203,T956702,2026-02-23,Sneakers,3560.84
CUST2648,T204222,2026-02-23,Kurti,6467.58
CUST2241,T299347,2026-02-23,Handbag,4245.68
CUST2343,T123426,2026-02-23,Formal Shoes,3074.1
CUST2173,T724024,2026-02-23,Lawn Suit,2962.07
CUST2627,T952459,2026-02-23,Sneakers,6893.25
CUST2702,T410131,2026-02-23,Saree,3382.91
CUST2088,T506952,2026-02-23,Blazer,1949.36
CUST2086,T665874,2026-02-23,Sneakers,4533.63
CUST2185,T798820,2026-02-23,Lawn Suit,4634.12
CUST2617,T428415,2026-02-23,Dress,7802.5
CUST2672,T997013,2026-02-23,Cap,4587.39
CUST2406,T469084,2026-02-23,Lawn Suit,3222.77
CUST2121,T905162,2026-02-23,Handbag,1588.86
CUST2482,T573223,2026-02-23,Saree,3565.83
CUST2518,T643490,2026-02-23,Lawn Suit,4303.45
CUST2714,T702956,2026-02-23,Sneakers,4238.47
CUST2350,T456554,2026-02-23,Belt,2282.53
CUST2127,T102635,2026-02-23,Dress,4580.58
CUST2699,T864872,2026-02-23,Blazer,2670.82
CUST2697,T680931,2026-02-23,Dress,3382.02
CUST2663,T351838,2026-02-23,Blazer,5981.27
CUST2222,T559024,2026-02-23,Formal Shoes,1407.88
CUST2566,T172336,2026-02-23,Jeans,4621.64
CUST2509,T884797,2026-02-24,Dress,3230.91
CUST2053,T252728,2026-02-24,Lawn Suit,3523.42
CUST2797,T236055,2026-02-24,Blazer,2130.4
CUST2724,T619207,2026-02-24,Belt,1908.15
CUST2192,T969653,2026-02-24,Watch,4098.47
CUST2244,T591164,2026-02-24,Saree,6855.61
CUST2283,T326124,2026-02-24,Sneakers,3535.64
CUST2700,T119739,2026-02-24,Dress,4378.67
CUST2422,T583605,2026-02-24,Sneakers,5913.64
CUST2050,T518745,2026-02-24,Lawn Suit,4037.54
CUST2158,T470836,2026-02-24,Belt,2782.38
CUST2092,T299062,2026-02-25,Dress,2240.46
CUST2448,T565502,2026-02-25,Watch,1913.85
CUST2671,T953326,2026-02-25,Handbag,7480.86
CUST2560,T642248,2026-02-25,Jeans,3612.91
CUST2616,T612548,2026-02-25,Saree,4011.46
CUST2505,T361624,2026-02-25,Cap,3998.69
CUST2209,T376872,2026-02-25,Belt,8372.77
CUST2010,T645421,2026-02-25,Sneakers,4338.99
CUST2564,T107157,2026-02-25,Belt,3284.12
CUST2477,T726989,2026-02-25,Dress,1809.77
CUST2688,T342978,2026-02-25,Cap,2433.34
CUST2687,T606131,2026-02-25,Sneakers,2004.68
CUST2014,T797134,2026-02-25,Kurti,2966.29
CUST2788,T323646,2026-02-25,Belt,5756.15
CUST2082,T817464,2026-02-25,Sneakers,2470.04
CUST2531,T245348,2026-02-25,Handbag,9070.11
CUST2636,T382998,2026-02-25,Watch,3451.55
CUST2187,T763197,2026-02-26,Handbag,6357.3
CUST2584,T593739,2026-02-26,Blazer,3360.5
CUST2293,T943771,2026-02-26,Dress,3530.94
CUST2457,T865919,2026-02-26,Handbag,1913.15
CUST2756,T840431,2026-02-26,Formal Shoes,6003.79
CUST2725,T915177,2026-02-26,Sneakers,6545.96
CUST2254,T520787,2026-02-26,Sneakers,2861.64
CUST2052,T666507,2026-02-26,Lawn Suit,7909.19
CUST2380,T158402,2026-02-26,Blazer,6711.68
CUST2525,T542840,2026-02-26,Saree,2944.57
CUST2154,T189551,2026-02-26,Jeans,2766.69
CUST2103,T875253,2026-02-26,Handbag,3453.46
CUST2524,T289471,2026-02-26,Formal Shoes,2081.12
CUST2374,T400169,2026-02-26,Jeans,4118.33
CUST2318,T804557,2026-02-27,Lawn Suit,3464.41
CUST2179,T774339,2026-02-27,Dress,4109.52
CUST2559,T629902,2026-02-27,Handbag,2879.52
CUST2519,T397335,2026-02-27,Handbag,3485.49
CUST2738,T664806,2026-02-27,Lawn Suit,4649.55
CUST2588,T694334,2026-02-27,Handbag,1871.22
CUST2499,T565398,2026-02-27,Handbag,3436.47
CUST2485,T107219,2026-02-27,Formal Shoes,1569.24
CUST2613,T193424,2026-02-27,Dress,1856.33
CUST2507,T386920,2026-02-27,Dress,2831.44
CUST2235,T624232,2026-02-27,Kurti,5194.48
CUST2064,T610742,2026-02-27,Dress,3001.55
CUST2607,T278940,2026-02-27,Watch,1695.54
CUST2629,T149959,2026-02-27,Cap,5778.37
CUST2685,T959453,2026-02-27,Saree,3238.93
CUST2249,T803497,2026-02-27,Saree,2111.3
CUST2175,T809726,2026-02-28,Formal Shoes,4361.18
CUST2549,T288886,2026-02-28,Kurti,6330.77
CUST2537,T794177,2026-02-28,Watch,3334.11
CUST2353,T999133,2026-02-28,Lawn Suit,3148.79
CUST2337,T773635,2026-02-28,Jeans,4061.22
CUST2147,T920814,2026-02-28,Lawn Suit,2090.99
CUST2706,T475112,2026-02-28,Blazer,2478.75
CUST2037,T731530,2026-02-28,Lawn Suit,4906.72
CUST2766,T809043,2026-02-28,Watch,1627.85
CUST2708,T827214,2026-02-28,Handbag,7707.63
CUST2069,T576816,2026-03-01,Sneakers,2064.13
CUST2575,T145939,2026-03-01,Lawn Suit,3893.46
CUST2326,T704000,2026-03-01,Jeans,7785.77
CUST2743,T256897,2026-03-01,Saree,8686.84
CUST2567,T151077,2026-03-01,Dress,4285.86
CUST2731,T871706,2026-03-01,Dress,4644.79
CUST2661,T335836,2026-03-01,Blazer,4489.33
CUST2133,T806793,2026-03-01,Watch,3203.54
CUST2632,T860766,2026-03-01,Kurti,8836.56
CUST2736,T319374,2026-03-01,Handbag,1656.07
CUST2749,T350109,2026-03-01,Saree,5747.49
CUST2196,T486361,2026-03-01,Kurti,5260.43
CUST2065,T979634,2026-03-02,Jeans,2436.96
CUST2627,T294715,2026-03-02,Saree,4657.58
CUST2339,T461261,2026-03-02,Sneakers,8163.79
CUST2240,T184044,2026-03-02,Watch,2163.52
CUST2250,T835211,2026-03-02,Sneakers,3915.15
CUST2535,T603503,2026-03-02,Belt,3879.71
CUST2404,T889710,2026-03-02,Formal Shoes,8477.36
CUST2384,T302158,2026-03-02,Jeans,3501.75
CUST2715,T829480,2026-03-02,Jeans,1814.6
CUST2186,T112296,2026-03-02,Cap,4062.16
CUST2312,T825441,2026-03-02,Watch,1458.42
CUST2763,T419648,2026-03-02,Kurti,4426.0
CUST2301,T748570,2026-03-02,Dress,2779.05
CUST2729,T633513,2026-03-02,Belt,3776.09
CUST2354,T449950,2026-03-02,Formal Shoes,6804.64
CUST2440,T998464,2026-03-02,Kurti,1651.97
CUST2078,T911774,2026-03-02,Watch,3947.32
CUST2328,T621203,2026-03-02,Cap,4159.84
CUST2638,T857554,2026-03-02,Kurti,3380.39
CUST2121,T467678,2026-03-02,Dress,1296.96
CUST2693,T894881,2026-03-02,Belt,6777.85
CUST2330,T368561,2026-03-02,Lawn Suit,2685.66
CUST2603,T595770,2026-03-02,Formal Shoes,7422.06
CUST2234,T251844,2026-03-02,Dress,8145.82
CUST2262,T519128,2026-03-02,Belt,6298.46
CUST2432,T471495,2026-03-03,Jeans,2477.25
CUST2188,T761595,2026-03-03,Handbag,1618.74
CUST2350,T202770,2026-03-03,Saree,1604.65
CUST2197,T287320,2026-03-03,Dress,2234.92
CUST2268,T218002,2026-03-03,Blazer,3694.79
CUST2080,T734553,2026-03-03,Dress,1890.74
CUST2546,T496258,2026-03-03,Lawn Suit,3891.09
CUST2306,T839271,2026-03-03,Formal Shoes,3471.44
CUST2525,T160838,2026-03-03,Kurti,3154.66
CUST2009,T691548,2026-03-03,Cap,3154.4
CUST2286,T450990,2026-03-03,Belt,4606.19
CUST2767,T302373,2026-03-03,Belt,2675.79
CUST2212,T623599,2026-03-03,Kurti,5840.27
CUST2369,T475200,2026-03-03,Watch,4584.8
CUST2503,T509507,2026-03-03,Kurti,3806.25
CUST2532,T361460,2026-03-04,Watch,2058.84
CUST2067,T552009,2026-03-04,Lawn Suit,9102.94
CUST2259,T767136,2026-03-04,Watch,2437.67
CUST2263,T569010,2026-03-04,Jeans,7728.9
CUST2553,T891093,2026-03-04,Cap,7201.36
CUST2281,T709405,2026-03-04,Lawn Suit,3455.6
CUST2445,T477221,2026-03-04,Handbag,1679.9
CUST2003,T238771,2026-03-04,Saree,3903.65
CUST2521,T827659,2026-03-04,Saree,4608.63
CUST2340,T899615,2026-03-05,Saree,2350.3
CUST2400,T897268,2026-03-05,Sneakers,3018.99
CUST2564,T597627,2026-03-05,Handbag,2253.27
CUST2429,T809928,2026-03-05,Formal Shoes,1602.02
CUST2037,T149347,2026-03-05,Formal Shoes,4124.57
CUST2591,T713639,2026-03-05,Lawn Suit,4252.8
CUST2616,T774454,2026-03-05,Handbag,2386.97
CUST2644,T420633,2026-03-05,Lawn Suit,3806.32
CUST2761,T404568,2026-03-05,Saree,2021.51
CUST2189,T647230,2026-03-05,Blazer,1691.71
CUST2060,T175547,2026-03-05,Lawn Suit,2201.33
CUST2614,T552581,2026-03-05,Saree,7242.18
CUST2669,T458551,2026-03-05,Handbag,2149.38
CUST2609,T977213,2026-03-05,Belt,1813.17
CUST2022,T692355,2026-03-05,Dress,1824.94
CUST2460,T802494,2026-03-05,Formal Shoes,3162.46
CUST2584,T233185,2026-03-05,Sneakers,5106.05
CUST2734,T127350,2026-03-05,Formal Shoes,3223.06
CUST2061,T932463,2026-03-05,Cap,2512.36
CUST2133,T792918,2026-03-06,Lawn Suit,4016.73
CUST2625,T154977,2026-03-06,Lawn Suit,9550.04
CUST2156,T912836,2026-03-06,Cap,2848.45
CUST2548,T157982,2026-03-06,Kurti,3476.43
CUST2385,T136519,2026-03-06,Saree,2253.15
CUST2563,T444153,2026-03-06,Lawn Suit,7819.1
CUST2118,T615520,2026-03-06,Handbag,1628.64
CUST2205,T604021,2026-03-06,Formal Shoes,7624.32
CUST2166,T821850,2026-03-06,Sneakers,2795.62
CUST2026,T695085,2026-03-06,Sneakers,1632.18
CUST2042,T374996,2026-03-06,Blazer,3688.85
CUST2032,T117889,2026-03-06,Cap,5767.94
CUST2054,T671076,2026-03-07,Cap,3115.28
CUST2524,T699906,2026-03-07,Belt,2038.7
CUST2314,T364928,2026-03-07,Sneakers,1409.11
CUST2435,T846092,2026-03-07,Jeans,5137.14
CUST2318,T291011,2026-03-07,Watch,3531.47
CUST2293,T661773,2026-03-07,Formal Shoes,2540.29
CUST2676,T459043,2026-03-07,Handbag,6429.96
CUST2520,T274582,2026-03-07,Dress,4238.97
CUST2046,T336254,2026-03-07,Jeans,9644.4
CUST2777,T454498,2026-03-07,Jeans,2686.7
CUST2687,T961404,2026-03-07,Cap,2318.34
CUST2424,T585420,2026-03-07,Lawn Suit,7078.57
CUST2604,T197685,2026-03-07,Belt,7325.72
CUST2006,T437505,2026-03-07,Watch,3393.94
CUST2354,T322151,2026-03-08,Cap,7825.15
CUST2454,T365030,2026-03-08,Dress,3834.12
CUST2329,T977296,2026-03-08,Sneakers,10248.33
CUST2011,T379077,2026-03-08,Cap,2698.65
CUST2000,T804975,2026-03-08,Jeans,4837.92
CUST2234,T967899,2026-03-08,Cap,4385.3
CUST2653,T398307,2026-03-08,Dress,3436.21
CUST2089,T278054,2026-03-08,Watch,2242.33
CUST2633,T623521,2026-03-08,Sneakers,2348.45
CUST2141,T758659,2026-03-08,Lawn Suit,4033.75
CUST2264,T721272,2026-03-08,Dress,5163.61
CUST2203,T846009,2026-03-08,Belt,5262.46
CUST2670,T541273,2026-03-08,Jeans,3160.42
CUST2470,T137000,2026-03-08,Saree,7595.87
CUST2063,T438666,2026-03-08,Jeans,8620.22
CUST2225,T244697,2026-03-08,Watch,6584.51
CUST2545,T564499,2026-03-08,Belt,3368.74
CUST2168,T192030,2026-03-08,Saree,3389.93
CUST2487,T757262,2026-03-08,Dress,2942.18
CUST2010,T667808,2026-03-09,Cap,4007.89
CUST2211,T925616,2026-03-09,Jeans,1936.08
CUST2362,T918183,2026-03-09,Kurti,3621.02
CUST2621,T974811,2026-03-09,Handbag,5299.78
CUST2554,T580056,2026-03-09,Handbag,7393.6
CUST2215,T141084,2026-03-09,Belt,4095.45
CUST2705,T175807,2026-03-09,Lawn Suit,4986.88
CUST2251,T611977,2026-03-09,Kurti,2549.52
CUST2305,T493182,2026-03-09,Lawn Suit,2399.5
CUST2222,T464290,2026-03-09,Saree,3697.57
CUST2480,T926966,2026-03-09,Jeans,2576.95
CUST2103,T530340,2026-03-09,Lawn Suit,2258.88
CUST2018,T968635,2026-03-09,Kurti,3739.64
CUST2085,T131266,2026-03-09,Saree,2268.35
CUST2258,T109849,2026-03-09,Sneakers,4334.66
CUST2664,T340840,2026-03-09,Handbag,1929.75
CUST2755,T715620,2026-03-09,Blazer,4462.34
CUST2348,T216505,2026-03-09,Kurti,2655.32
CUST2272,T936487,2026-03-09,Handbag,3456.94
CUST2712,T282056,2026-03-09,Dress,3917.34
CUST2508,T194720,2026-03-09,Formal Shoes,1905.65
CUST2281,T518500,2026-03-09,Handbag,4081.01
CUST2682,T605004,2026-03-10,Handbag,4141.97
CUST2747,T569259,2026-03-10,Belt,5657.71
CUST2196,T990092,2026-03-10,Watch,6906.35
CUST2516,T629118,2026-03-10,Sneakers,2613.18
CUST2098,T512902,2026-03-10,Jeans,5303.07
CUST2723,T400438,2026-03-10,Saree,4704.54
CUST2287,T496005,2026-03-10,Lawn Suit,1753.02
CUST2093,T264154,2026-03-10,Sneakers,1433.34
CUST2230,T837073,2026-03-10,Handbag,2390.3
CUST2267,T213640,2026-03-10,Jeans,2651.53
CUST2157,T114151,2026-03-10,Jeans,3387.94
CUST2051,T661269,2026-03-10,Handbag,2285.76
CUST2756,T591344,2026-03-10,Dress,8302.17
CUST2795,T119198,2026-03-10,Sneakers,2583.56
CUST2024,T866500,2026-03-10,Formal Shoes,8129.4
CUST2444,T773479,2026-03-10,Formal Shoes,3660.24
CUST2353,T682439,2026-03-10,Kurti,3263.08
CUST2479,T110380,2026-03-10,Cap,1832.07
CUST2074,T428118,2026-03-10,Lawn Suit,10613.16
CUST2451,T437363,2026-03-10,Cap,3542.86
CUST2427,T981436,2026-03-10,Cap,1823.22
CUST2729,T737101,2026-03-11,Belt,1490.54
CUST2252,T854673,2026-03-11,Cap,3997.96
CUST2764,T321752,2026-03-11,Watch,3734.74
CUST2173,T473654,2026-03-11,Blazer,1727.64
CUST2057,T686536,2026-03-11,Formal Shoes,1853.77
CUST2642,T754200,2026-03-11,Sneakers,2283.83
CUST2246,T736454,2026-03-11,Dress,3784.71
CUST2750,T770662,2026-03-11,Cap,4483.46
CUST2523,T575133,2026-03-11,Sneakers,1487.58
CUST2692,T759149,2026-03-11,Jeans,4466.39
CUST2174,T845797,2026-03-11,Kurti,5319.5
CUST2693,T172892,2026-03-11,Formal Shoes,9160.07
CUST2769,T774019,2026-03-11,Jeans,3327.02
CUST2255,T394303,2026-03-11,Cap,1445.69
CUST2265,T798901,2026-03-11,Saree,3383.03
CUST2789,T231603,2026-03-11,Formal Shoes,1624.21
CUST2583,T790054,2026-03-11,Sneakers,3941.59
CUST2026,T162515,2026-03-11,Saree,2495.34
CUST2050,T774973,2026-03-11,Belt,3426.39
CUST2004,T628266,2026-03-11,Watch,3068.84
CUST2774,T808367,2026-03-11,Cap,2074.54
CUST2599,T921680,2026-03-11,Saree,2299.93
CUST2132,T311680,2026-03-11,Blazer,1926.79
CUST2490,T803140,2026-03-11,Lawn Suit,2775.35
CUST2491,T253373,2026-03-11,Belt,4524.56
CUST2539,T238870,2026-03-11,Belt,1781.37
CUST2291,T584714,2026-03-11,Blazer,3053.65
CUST2399,T228445,2026-03-11,Formal Shoes,2349.97
CUST2144,T973646,2026-03-11,Watch,4528.78
CUST2202,T603538,2026-03-12,Sneakers,4549.74
CUST2156,T650062,2026-03-12,Belt,3394.37
CUST2515,T263902,2026-03-12,Cap,3686.74
CUST2700,T606207,2026-03-12,Blazer,1900.81
CUST2419,T574316,2026-03-12,Dress,2869.02
CUST2558,T795841,2026-03-12,Dress,3460.01
CUST2716,T379705,2026-03-12,Dress,1605.64
CUST2321,T899906,2026-03-12,Cap,7509.0
CUST2477,T277513,2026-03-12,Blazer,2273.25
CUST2212,T451712,2026-03-12,Jeans,6413.79
CUST2350,T514032,2026-03-12,Formal Shoes,1725.41
CUST2158,T928916,2026-03-12,Jeans,4771.46
CUST2083,T917971,2026-03-12,Dress,4523.97
CUST2328,T932312,2026-03-12,Formal Shoes,3578.55
CUST2117,T578549,2026-03-12,Lawn Suit,5572.04
CUST2021,T250582,2026-03-12,Saree,5876.14
CUST2690,T314510,2026-03-13,Sneakers,4293.22
CUST2542,T925644,2026-03-13,Kurti,5335.29
CUST2429,T551124,2026-03-13,Handbag,4432.0
CUST2159,T449360,2026-03-13,Watch,7008.0
CUST2636,T634643,2026-03-13,Saree,2123.7
CUST2358,T734085,2026-03-13,Formal Shoes,1883.21
CUST2499,T848837,2026-03-13,Handbag,1594.01
CUST2164,T885975,2026-03-13,Handbag,4995.4
CUST2785,T772955,2026-03-13,Saree,5960.78
CUST2653,T597975,2026-03-13,Watch,2270.14
CUST2308,T241066,2026-03-13,Lawn Suit,4505.12
CUST2735,T222574,2026-03-13,Blazer,3321.29
CUST2651,T757419,2026-03-13,Sneakers,1941.92
CUST2672,T723433,2026-03-13,Kurti,7396.46
CUST2782,T214909,2026-03-13,Jeans,6073.8
CUST2135,T160338,2026-03-13,Blazer,3607.66
CUST2109,T129042,2026-03-13,Handbag,3660.86
CUST2106,T613285,2026-03-13,Lawn Suit,3522.34
CUST2199,T654070,2026-03-13,Blazer,3896.48
CUST2674,T510899,2026-03-13,Formal Shoes,2283.93
CUST2551,T193059,2026-03-13,Dress,2819.56
CUST2301,T208350,2026-03-13,Dress,1912.4
CUST2463,T673172,2026-03-13,Saree,2793.8
CUST2591,T160418,2026-03-13,Kurti,4233.66
CUST2015,T358734,2026-03-13,Saree,2716.53
CUST2704,T502764,2026-03-14,Dress,1882.6
CUST2078,T218512,2026-03-14,Belt,2113.23
CUST2557,T463256,2026-03-14,Sneakers,3210.12
CUST2060,T397512,2026-03-14,Saree,2987.09
CUST2745,T592342,2026-03-14,Saree,4358.9
CUST2728,T785672,2026-03-14,Cap,3684.64
CUST2270,T884434,2026-03-14,Formal Shoes,2295.11
CUST2245,T750907,2026-03-14,Lawn Suit,3419.07
CUST2548,T873390,2026-03-14,Lawn Suit,1765.05
CUST2338,T712333,2026-03-14,Saree,3857.23
CUST2681,T351038,2026-03-14,Dress,3738.0
CUST2097,T290326,2026-03-14,Handbag,4045.88
CUST2150,T252219,2026-03-14,Blazer,1939.47
CUST2340,T337614,2026-03-14,Blazer,4319.07
CUST2794,T417071,2026-03-14,Cap,6378.92
CUST2133,T801660,2026-03-15,Watch,2433.15
CUST2193,T260266,2026-03-15,Kurti,4566.19
CUST2455,T819728,2026-03-15,Formal Shoes,3956.39
CUST2314,T278312,2026-03-15,Handbag,3122.01
CUST2411,T626353,2026-03-15,Saree,3436.97
CUST2603,T792941,2026-03-15,Jeans,4719.85
CUST2531,T916323,2026-03-15,Kurti,3712.4
CUST2142,T485014,2026-03-15,Watch,2986.86
CUST2442,T940846,2026-03-15,Formal Shoes,3347.19
CUST2724,T289636,2026-03-15,Watch,1973.15
CUST2285,T739899,2026-03-15,Blazer,2773.66
CUST2753,T920785,2026-03-15,Formal Shoes,7015.07
CUST2361,T281112,2026-03-15,Cap,2509.11
CUST2550,T668067,2026-03-15,Sneakers,2833.25
CUST2532,T245077,2026-03-15,Handbag,2728.15
CUST2568,T816834,2026-03-16,Jeans,2330.02
CUST2063,T697550,2026-03-16,Dress,6728.83
CUST2237,T915425,2026-03-16,Cap,2948.09
CUST2754,T599495,2026-03-16,Blazer,9264.06
CUST2752,T870479,2026-03-16,Formal Shoes,2784.7
CUST2707,T982634,2026-03-16,Belt,1785.01
CUST2250,T866253,2026-03-16,Blazer,1763.42
CUST2776,T664873,2026-03-16,Saree,3776.14
CUST2141,T388234,2026-03-16,Sneakers,2766.61
CUST2026,T866068,2026-03-16,Belt,3882.99
CUST2436,T691744,2026-03-16,Dress,1959.65
CUST2640,T625383,2026-03-16,Watch,3926.49
CUST2779,T307113,2026-03-16,Cap,5400.78
CUST2089,T849567,2026-03-16,Handbag,1554.08
CUST2154,T993832,2026-03-16,Kurti,1912.22
CUST2253,T818397,2026-03-17,Jeans,4179.15
CUST2157,T405303,2026-03-17,Saree,4153.68
CUST2218,T974354,2026-03-17,Formal Shoes,3331.15
CUST2121,T495451,2026-03-17,Dress,1871.31
CUST2654,T701946,2026-03-17,Saree,3145.8
CUST2677,T533240,2026-03-17,Blazer,2316.0
CUST2658,T240478,2026-03-17,Watch,3095.04
CUST2050,T261317,2026-03-17,Saree,3562.39
CUST2271,T145305,2026-03-17,Saree,1559.12
CUST2512,T897088,2026-03-17,Handbag,4881.3
CUST2331,T555120,2026-03-17,Sneakers,4648.57
CUST2740,T833868,2026-03-17,Lawn Suit,2431.71
CUST2711,T300266,2026-03-17,Lawn Suit,8039.4
CUST2797,T471692,2026-03-17,Belt,3676.95
CUST2071,T583389,2026-03-17,Cap,4185.33
CUST2536,T966414,2026-03-17,Belt,8403.25
CUST2031,T561638,2026-03-17,Formal Shoes,2376.87
CUST2493,T531143,2026-03-18,Lawn Suit,1589.87
CUST2659,T430324,2026-03-18,Blazer,9284.9
CUST2148,T642714,2026-03-18,Sneakers,2417.82
CUST2440,T665563,2026-03-18,Sneakers,3698.66
CUST2293,T178046,2026-03-18,Saree,2934.15
CUST2468,T641469,2026-03-18,Saree,2020.05
CUST2033,T893551,2026-03-18,Blazer,1983.21
CUST2371,T797107,2026-03-18,Blazer,7138.03
CUST2029,T129765,2026-03-18,Jeans,3269.98
CUST2465,T733929,2026-03-18,Formal Shoes,2687.56
CUST2036,T901799,2026-03-18,Watch,1838.81
CUST2394,T160781,2026-03-18,Watch,2828.36
CUST2481,T433867,2026-03-18,Jeans,1442.8
CUST2414,T868898,2026-03-18,Formal Shoes,3327.76
CUST2426,T702403,2026-03-18,Saree,2684.85
CUST2330,T353714,2026-03-18,Watch,2405.46
CUST2262,T690177,2026-03-18,Kurti,7559.28
CUST2445,T745062,2026-03-18,Dress,1609.07
CUST2363,T450187,2026-03-18,Watch,1812.3
CUST2366,T401314,2026-03-19,Handbag,4130.09
CUST2092,T223515,2026-03-19,Formal Shoes,1953.11
CUST2766,T274942,2026-03-19,Dress,2704.8
CUST2028,T867971,2026-03-19,Blazer,4267.47
CUST2128,T973314,2026-03-19,Kurti,5100.81
CUST2441,T394518,2026-03-19,Formal Shoes,3561.26
CUST2090,T982548,2026-03-19,Blazer,8840.98
CUST2733,T297729,2026-03-19,Kurti,8310.69
CUST2796,T976078,2026-03-19,Dress,1615.77
CUST2579,T625072,2026-03-19,Jeans,2479.9
CUST2137,T155322,2026-03-19,Sneakers,2409.95
CUST2605,T162563,2026-03-19,Watch,3717.31
CUST2183,T648855,2026-03-19,Belt,2870.46
CUST2420,T363913,2026-03-19,Lawn Suit,2668.17
CUST2018,T178328,2026-03-19,Jeans,3622.51
CUST2402,T121325,2026-03-19,Jeans,7504.16
CUST2355,T634265,2026-03-19,Formal Shoes,7778.87
CUST2147,T546139,2026-03-19,Formal Shoes,4389.49
CUST2630,T590531,2026-03-19,Sneakers,2159.9
CUST2125,T353228,2026-03-19,Blazer,2753.26
CUST2431,T705389,2026-03-19,Lawn Suit,5945.93
CUST2165,T156150,2026-03-19,Lawn Suit,2414.72
CUST2059,T940101,2026-03-20,Belt,4667.49
CUST2450,T469717,2026-03-20,Cap,2391.95
CUST2300,T926347,2026-03-20,Saree,2704.76
CUST2325,T112926,2026-03-20,Cap,8030.07
CUST2571,T752663,2026-03-20,Handbag,4957.26
CUST2529,T574668,2026-03-20,Dress,1986.0
CUST2306,T988647,2026-03-20,Saree,3655.59
CUST2522,T942029,2026-03-20,Handbag,4964.73
CUST2656,T771831,2026-03-20,Belt,2393.14
CUST2497,T830727,2026-03-20,Formal Shoes,2911.77
CUST2554,T437296,2026-03-20,Blazer,9926.12
CUST2082,T974966,2026-03-20,Kurti,2046.96
CUST2709,T799483,2026-03-20,Watch,3146.34
CUST2781,T969609,2026-03-20,Watch,3554.73
CUST2582,T789709,2026-03-21,Lawn Suit,4252.82
CUST2377,T175792,2026-03-21,Sneakers,4978.82
CUST2758,T767597,2026-03-21,Sneakers,6912.41
CUST2417,T270294,2026-03-21,Lawn Suit,3029.05
CUST2030,T454908,2026-03-21,Lawn Suit,2696.48
CUST2413,T381581,2026-03-21,Sneakers,3534.14
CUST2307,T737253,2026-03-21,Formal Shoes,2652.8
CUST2099,T841410,2026-03-21,Saree,6660.25
CUST2163,T218022,2026-03-21,Jeans,3583.41
CUST2205,T461799,2026-03-21,Handbag,2975.4
CUST2595,T729968,2026-03-21,Dress,2609.51
CUST2252,T957562,2026-03-21,Belt,3488.03
CUST2142,T838179,2026-03-21,Sneakers,2252.9
CUST2335,T581136,2026-03-21,Saree,4347.87
CUST2647,T575472,2026-03-21,Cap,2023.55
CUST2344,T387928,2026-03-21,Formal Shoes,9659.53
CUST2281,T440283,2026-03-21,Lawn Suit,2489.01
CUST2762,T681393,2026-03-21,Watch,3046.55
CUST2509,T955173,2026-03-21,Formal Shoes,4416.79
CUST2503,T676195,2026-03-22,Dress,2116.93
CUST2537,T340068,2026-03-22,Handbag,2530.06
CUST2024,T542381,2026-03-22,Jeans,5581.39
CUST2061,T602533,2026-03-22,Cap,3328.91
CUST2397,T294134,2026-03-22,Watch,10090.05
CUST2787,T204935,2026-03-22,Blazer,4098.64
CUST2628,T643034,2026-03-22,Jeans,3308.54
CUST2138,T677297,2026-03-22,Handbag,4278.97
CUST2209,T991527,2026-03-22,Lawn Suit,3196.92
CUST2299,T325643,2026-03-22,Sneakers,2494.33
CUST2757,T713844,2026-03-22,Formal Shoes,2968.08
CUST2549,T675054,2026-03-22,Watch,5553.31
CUST2699,T759907,2026-03-22,Formal Shoes,4015.59
CUST2241,T501603,2026-03-22,Cap,2130.63
CUST2789,T920275,2026-03-23,Dress,4118.79
CUST2707,T432104,2026-03-23,Kurti,1514.87
CUST2772,T153621,2026-03-23,Saree,4355.42
CUST2055,T104203,2026-03-23,Formal Shoes,8841.17
CUST2087,T343008,2026-03-23,Jeans,1789.48
CUST2708,T956972,2026-03-23,Formal Shoes,6857.33
CUST2382,T860188,2026-03-23,Cap,3691.29
CUST2506,T600232,2026-03-23,Watch,2134.45
CUST2350,T775192,2026-03-23,Lawn Suit,3098.51
CUST2310,T478714,2026-03-23,Kurti,3889.95
CUST2607,T823729,2026-03-23,Blazer,4461.23
CUST2380,T618268,2026-03-23,Saree,3619.14
CUST2474,T685669,2026-03-23,Saree,1725.21
CUST2105,T803857,2026-03-23,Blazer,4755.82
CUST2314,T519013,2026-03-23,Blazer,3796.71
CUST2495,T208948,2026-03-23,Formal Shoes,8496.0
CUST2202,T424129,2026-03-23,Sneakers,4232.27
CUST2283,T251359,2026-03-24,Kurti,2294.37
CUST2613,T229309,2026-03-24,Formal Shoes,3254.26
CUST2793,T560469,2026-03-24,Kurti,3622.66
CUST2426,T463683,2026-03-24,Cap,3594.77
CUST2623,T360661,2026-03-24,Saree,2878.9
CUST2308,T160320,2026-03-24,Sneakers,8868.26
CUST2561,T517852,2026-03-24,Watch,9559.78
CUST2617,T872971,2026-03-24,Jeans,7215.42
CUST2454,T301865,2026-03-24,Blazer,2920.93
CUST2042,T214858,2026-03-24,Cap,1974.89
CUST2695,T789633,2026-03-24,Watch,3197.05
CUST2730,T649871,2026-03-24,Saree,2957.14
CUST2500,T332021,2026-03-24,Cap,3324.1
CUST2630,T273701,2026-03-24,Watch,3384.17
CUST2636,T375011,2026-03-24,Lawn Suit,2668.77
CUST2635,T905399,2026-03-24,Handbag,4173.77
CUST2672,T127444,2026-03-25,Dress,3841.58
CUST2473,T464693,2026-03-25,Belt,4129.44
CUST2712,T928200,2026-03-25,Sneakers,4218.58
CUST2044,T899022,2026-03-25,Sneakers,1393.91
CUST2129,T580100,2026-03-25,Blazer,1424.64
CUST2189,T776484,2026-03-25,Belt,2992.51
CUST2735,T589947,2026-03-25,Blazer,4664.0
CUST2003,T413393,2026-03-25,Dress,2993.24
CUST2602,T796119,2026-03-25,Formal Shoes,2099.53
CUST2759,T594235,2026-03-25,Watch,4494.27
CUST2040,T392235,2026-03-25,Cap,2892.83
CUST2680,T455637,2026-03-25,Formal Shoes,6942.77
CUST2012,T794264,2026-03-25,Jeans,3588.12
CUST2311,T995014,2026-03-25,Saree,3177.14
CUST2170,T479041,2026-03-25,Saree,3153.79
CUST2620,T405628,2026-03-25,Formal Shoes,2045.35
CUST2663,T579451,2026-03-25,Handbag,5028.88
CUST2174,T182450,2026-03-25,Lawn Suit,3576.33
CUST2552,T600975,2026-03-25,Blazer,6650.45
CUST2035,T723555,2026-03-26,Belt,3183.42
CUST2160,T638215,2026-03-26,Dress,4831.37
CUST2083,T331732,2026-03-26,Handbag,3159.42
CUST2223,T171182,2026-03-26,Blazer,4130.79
CUST2362,T512111,2026-03-26,Sneakers,4355.71
CUST2596,T825438,2026-03-26,Belt,2978.61
CUST2054,T215648,2026-03-26,Watch,3107.12
CUST2560,T523319,2026-03-26,Handbag,3370.09
CUST2215,T244044,2026-03-26,Saree,3218.73
CUST2665,T165235,2026-03-26,Saree,2242.69
CUST2669,T990467,2026-03-26,Dress,3055.48
CUST2733,T154951,2026-03-26,Belt,9117.35
CUST2394,T798111,2026-03-26,Cap,1809.85
CUST2376,T164107,2026-03-26,Jeans,2642.48
CUST2364,T467955,2026-03-26,Formal Shoes,2063.23
CUST2126,T558009,2026-03-27,Watch,2802.16
CUST2141,T955930,2026-03-27,Handbag,3013.7
CUST2417,T725744,2026-03-27,Dress,1519.27
CUST2190,T954170,2026-03-27,Sneakers,2036.89
CUST2004,T300939,2026-03-27,Belt,1749.1
CUST2357,T198911,2026-03-27,Formal Shoes,2816.59
CUST2096,T450676,2026-03-27,Handbag,6625.2
CUST2432,T857798,2026-03-27,Jeans,4236.42
CUST2210,T589420,2026-03-27,Blazer,4051.79
CUST2317,T654537,2026-03-27,Lawn Suit,2283.63
CUST2352,T674212,2026-03-27,Blazer,5265.41
CUST2253,T146830,2026-03-27,Sneakers,1410.52
CUST2066,T997981,2026-03-27,Lawn Suit,2691.51
CUST2048,T395331,2026-03-27,Cap,4466.99
CUST2102,T672657,2026-03-27,Kurti,1845.19
CUST2118,T926772,2026-03-27,Formal Shoes,1687.76
CUST2530,T842100,2026-03-27,Kurti,3173.47
CUST2559,T126683,2026-03-27,Jeans,8083.63
CUST2023,T410848,2026-03-27,Handbag,6244.41
CUST2753,T287134,2026-03-27,Watch,4729.14
CUST2668,T529138,2026-03-28,Belt,3826.58
CUST2625,T704858,2026-03-28,Watch,4429.85
CUST2436,T218505,2026-03-28,Watch,1728.66
CUST2555,T492368,2026-03-28,Dress,1875.33
CUST2604,T597115,2026-03-28,Formal Shoes,10055.25
CUST2009,T320107,2026-03-28,Belt,2062.44
CUST2661,T986946,2026-03-28,Cap,3036.79
CUST2333,T953059,2026-03-28,Watch,3449.72
CUST2183,T396091,2026-03-28,Cap,3831.42
CUST2370,T307851,2026-03-28,Jeans,3867.12
CUST2227,T516365,2026-03-28,Blazer,3885.82
CUST2030,T484680,2026-03-28,Dress,2616.36
CUST2268,T585970,2026-03-28,Belt,4415.57
CUST2507,T746537,2026-03-29,Cap,1724.21
CUST2563,T827801,2026-03-29,Handbag,3724.98
CUST2360,T171106,2026-03-29,Kurti,2700.61
CUST2698,T155355,2026-03-29,Blazer,4271.08
CUST2781,T846480,2026-03-29,Formal Shoes,4284.18
CUST2383,T333222,2026-03-29,Watch,6479.95
CUST2123,T967183,2026-03-29,Sneakers,3627.06
CUST2459,T381874,2026-03-29,Cap,4293.83
CUST2213,T562110,2026-03-29,Saree,2963.79
CUST2094,T332738,2026-03-29,Saree,1528.83
CUST2657,T167638,2026-03-29,Jeans,3358.07
CUST2067,T586232,2026-03-29,Cap,5822.21
CUST2344,T333227,2026-03-30,Handbag,3979.84
CUST2240,T755675,2026-03-30,Watch,1958.08
CUST2374,T572361,2026-03-30,Dress,3135.72
CUST2484,T515124,2026-03-30,Handbag,2759.85
CUST2147,T751138,2026-03-30,Sneakers,3608.49
CUST2230,T579319,2026-03-30,Dress,3046.63
CUST2684,T210895,2026-03-30,Cap,7868.24
CUST2172,T360414,2026-03-30,Jeans,3089.56
CUST2629,T459663,2026-03-30,Lawn Suit,2626.71
CUST2142,T402317,2026-03-30,Blazer,4588.02
CUST2403,T127668,2026-03-30,Blazer,3731.66
CUST2774,T433407,2026-03-30,Belt,1951.53
CUST2660,T342638,2026-03-30,Handbag,4039.52
CUST2441,T332885,2026-03-30,Handbag,3562.43
CUST2500,T332800,2026-03-30,Sneakers,2349.69
CUST2013,T995079,2026-03-30,Cap,3083.11
CUST2694,T671641,2026-03-31,Lawn Suit,4448.64
CUST2025,T496612,2026-03-31,Blazer,2491.61
CUST2326,T870296,2026-03-31,Dress,7331.11
CUST2024,T404059,2026-03-31,Handbag,4606.21
CUST2719,T684726,2026-03-31,Formal Shoes,3083.25
CUST2384,T410860,2026-03-31,Dress,3361.9
CUST2406,T882254,2026-03-31,Kurti,5171.28
CUST2127,T176173,2026-03-31,Blazer,1619.6
CUST2120,T218590,2026-03-31,Sneakers,5814.02
CUST2714,T154141,2026-03-31,Watch,4031.56
CUST2637,T176595,2026-03-31,Blazer,4123.52
CUST2478,T990291,2026-03-31,Jeans,2820.18
CUST2594,T360722,2026-03-31,Saree,2675.76
CUST2505,T667515,2026-03-31,Sneakers,3148.61
CUST2553,T947755,2026-04-01,Kurti,7095.97
CUST2102,T924124,2026-04-01,Kurti,3330.55
CUST2146,T965299,2026-04-01,Handbag,7295.4
CUST2772,T197141,2026-04-01,Jeans,3156.97
CUST2256,T338053,2026-04-01,Handbag,6041.58
CUST2125,T552324,2026-04-01,Formal Shoes,2045.0
CUST2785,T128747,2026-04-01,Watch,4942.01
CUST2529,T657900,2026-04-01,Cap,4948.08
CUST2530,T168716,2026-04-01,Saree,4178.34
CUST2193,T879983,2026-04-01,Blazer,3067.79
CUST2014,T314470,2026-04-01,Belt,2019.09
CUST2011,T657754,2026-04-02,Cap,3413.87
CUST2791,T597237,2026-04-02,Belt,8648.81
CUST2209,T737229,2026-04-02,Sneakers,7450.31
CUST2202,T213338,2026-04-02,Lawn Suit,2658.07
CUST2605,T240657,2026-04-02,Formal Shoes,3097.98
CUST2260,T544450,2026-04-02,Blazer,6596.54
CUST2268,T878861,2026-04-02,Lawn Suit,1959.4
CUST2546,T321439,2026-04-02,Belt,2799.48
CUST2080,T218045,2026-04-02,Dress,3360.7
CUST2164,T168067,2026-04-02,Sneakers,3591.62
CUST2433,T808419,2026-04-02,Handbag,4203.73
CUST2150,T703211,2026-04-02,Formal Shoes,4816.75
CUST2700,T595372,2026-04-02,Handbag,4253.59
CUST2651,T907104,2026-04-02,Lawn Suit,2202.73
CUST2381,T526491,2026-04-02,Saree,4454.12
CUST2114,T298269,2026-04-02,Belt,7803.8
CUST2128,T182136,2026-04-02,Jeans,7457.72
CUST2138,T192297,2026-04-02,Dress,3829.88
CUST2691,T279626,2026-04-02,Cap,7230.62
CUST2682,T325650,2026-04-03,Belt,3299.49
CUST2376,T397314,2026-04-03,Lawn Suit,3664.66
CUST2456,T961391,2026-04-03,Cap,3524.85
CUST2474,T998303,2026-04-03,Jeans,3266.18
CUST2066,T678297,2026-04-03,Handbag,1091.82
CUST2053,T915827,2026-04-03,Belt,5124.8
CUST2092,T381001,2026-04-03,Sneakers,3859.66
CUST2617,T664846,2026-04-03,Watch,4506.06
CUST2364,T167221,2026-04-03,Watch,4312.86
CUST2133,T658041,2026-04-03,Cap,3373.02
CUST2052,T426430,2026-04-03,Sneakers,3393.35
CUST2509,T317157,2026-04-03,Kurti,1931.09
CUST2036,T468509,2026-04-03,Cap,3698.26
CUST2448,T145477,2026-04-03,Saree,4259.05
CUST2706,T920471,2026-04-04,Watch,2739.66
CUST2171,T658368,2026-04-04,Dress,4013.09
CUST2537,T623869,2026-04-04,Watch,1904.9
CUST2397,T397609,2026-04-04,Formal Shoes,5454.72
CUST2757,T858562,2026-04-04,Jeans,3417.43
CUST2562,T514410,2026-04-04,Kurti,1918.59
CUST2429,T756310,2026-04-04,Watch,2272.54
CUST2720,T575304,2026-04-04,Dress,8463.4
CUST2400,T609631,2026-04-04,Sneakers,2694.77
CUST2462,T776049,2026-04-04,Kurti,3460.33
CUST2642,T401574,2026-04-04,Jeans,3443.2
CUST2204,T163685,2026-04-04,Watch,3182.8
CUST2692,T933420,2026-04-04,Formal Shoes,4744.96
CUST2285,T274876,2026-04-04,Jeans,3031.94
CUST2395,T272064,2026-04-04,Lawn Suit,4206.46
CUST2118,T444530,2026-04-04,Handbag,2846.64
CUST2528,T573962,2026-04-04,Jeans,4192.19
CUST2796,T358329,2026-04-04,Dress,2954.67
CUST2378,T302784,2026-04-04,Watch,4506.24
CUST2437,T429832,2026-04-04,Watch,3348.41
CUST2739,T461547,2026-04-05,Kurti,4853.14
CUST2179,T417028,2026-04-05,Handbag,3725.09
CUST2112,T970364,2026-04-05,Handbag,5735.13
CUST2662,T895980,2026-04-05,Belt,5798.21
CUST2194,T704413,2026-04-05,Saree,3295.95
CUST2559,T785825,2026-04-05,Belt,11246.71
CUST2380,T272270,2026-04-05,Dress,6828.5
CUST2099,T949090,2026-04-05,Handbag,7881.65
CUST2575,T258961,2026-04-05,Blazer,8767.28
CUST2588,T428289,2026-04-05,Formal Shoes,3177.51
CUST2577,T297317,2026-04-05,Watch,3494.84
CUST2363,T194818,2026-04-05,Formal Shoes,2498.27
CUST2460,T728643,2026-04-05,Saree,2998.17
CUST2485,T643455,2026-04-06,Dress,3798.67
CUST2325,T827355,2026-04-06,Formal Shoes,5891.52
CUST2616,T697253,2026-04-06,Cap,1619.33
CUST2046,T168028,2026-04-06,Formal Shoes,3312.27
CUST2349,T959087,2026-04-06,Blazer,2780.66
CUST2022,T828050,2026-04-06,Blazer,3675.22
CUST2189,T633873,2026-04-06,Belt,3916.28
CUST2566,T732207,2026-04-06,Formal Shoes,4285.41
CUST2033,T276810,2026-04-06,Jeans,3717.84
CUST2088,T374584,2026-04-06,Dress,4041.12
CUST2671,T476650,2026-04-07,Kurti,4457.77
CUST2702,T938461,2026-04-07,Lawn Suit,1846.66
CUST2487,T745872,2026-04-07,Belt,2024.43
CUST2606,T836926,2026-04-07,Cap,2725.74
CUST2064,T596235,2026-04-07,Jeans,2317.52
CUST2547,T711044,2026-04-07,Lawn Suit,4110.88
CUST2571,T998466,2026-04-07,Lawn Suit,6428.61
CUST2103,T348849,2026-04-07,Belt,3499.02
CUST2408,T299844,2026-04-07,Cap,3288.71
CUST2593,T984170,2026-04-07,Saree,3205.62
CUST2371,T670668,2026-04-07,Saree,4929.53
CUST2281,T784880,2026-04-07,Handbag,4147.18
CUST2789,T223661,2026-04-07,Kurti,1984.06
CUST2698,T169797,2026-04-07,Sneakers,4027.48
CUST2249,T537445,2026-04-07,Formal Shoes,2173.45
CUST2439,T443102,2026-04-07,Lawn Suit,5505.47
CUST2202,T259393,2026-04-08,Formal Shoes,2087.0
CUST2471,T390758,2026-04-08,Formal Shoes,2483.27
CUST2129,T881921,2026-04-08,Handbag,3363.73
CUST2569,T560458,2026-04-08,Handbag,2558.7
CUST2282,T507085,2026-04-08,Handbag,6107.39
CUST2539,T643997,2026-04-08,Watch,2385.08
CUST2749,T100614,2026-04-08,Jeans,5648.89
CUST2775,T850553,2026-04-08,Blazer,6566.4
CUST2235,T143600,2026-04-08,Belt,7484.68
CUST2244,T115337,2026-04-08,Jeans,4170.54
CUST2328,T621136,2026-04-08,Belt,8585.59
CUST2087,T149818,2026-04-08,Belt,2526.02
CUST2221,T831078,2026-04-08,Dress,3918.91
CUST2664,T432469,2026-04-08,Kurti,3071.04
CUST2037,T851410,2026-04-08,Handbag,8171.09
CUST2549,T934036,2026-04-08,Saree,6996.97
CUST2108,T700791,2026-04-09,Formal Shoes,3743.37
CUST2047,T541449,2026-04-09,Jeans,1912.59
CUST2717,T885121,2026-04-09,Watch,2749.58
CUST2312,T283344,2026-04-09,Handbag,1729.53
CUST2685,T890367,2026-04-09,Lawn Suit,3192.6
CUST2374,T663395,2026-04-09,Dress,4471.52
CUST2191,T336506,2026-04-09,Cap,2331.9
CUST2343,T824505,2026-04-09,Cap,2641.67
CUST2074,T455132,2026-04-09,Formal Shoes,4061.47
CUST2682,T382539,2026-04-09,Sneakers,3304.74
CUST2731,T487382,2026-04-09,Saree,3066.5
CUST2137,T252493,2026-04-09,Cap,3675.83
CUST2451,T909109,2026-04-09,Dress,3216.92
CUST2520,T327016,2026-04-09,Kurti,3780.16
CUST2550,T726686,2026-04-09,Jeans,3066.08
CUST2210,T627687,2026-04-10,Kurti,3894.06
CUST2531,T277219,2026-04-10,Handbag,4126.5
CUST2542,T665384,2026-04-10,Belt,1852.48
CUST2148,T951656,2026-04-10,Jeans,2887.38
CUST2498,T629597,2026-04-10,Lawn Suit,3382.25
CUST2290,T720044,2026-04-10,Lawn Suit,8179.43
CUST2082,T200407,2026-04-10,Kurti,3225.44
CUST2493,T721410,2026-04-10,Cap,4404.71
CUST2648,T494087,2026-04-10,Cap,6396.2
CUST2287,T754543,2026-04-10,Dress,2529.64
CUST2285,T473088,2026-04-11,Formal Shoes,4075.34
CUST2688,T515702,2026-04-11,Blazer,4763.17
CUST2420,T739204,2026-04-11,Lawn Suit,3130.44
CUST2577,T116199,2026-04-11,Formal Shoes,2419.16
CUST2518,T639820,2026-04-11,Lawn Suit,2180.5
CUST2318,T820656,2026-04-11,Saree,6761.11
CUST2739,T564718,2026-04-11,Jeans,5404.62
CUST2254,T829980,2026-04-11,Handbag,3620.98
CUST2497,T189086,2026-04-11,Jeans,3779.45
CUST2558,T741214,2026-04-11,Kurti,2247.98
CUST2515,T745201,2026-04-11,Belt,3579.8
CUST2777,T565319,2026-04-11,Jeans,3342.46
CUST2035,T774131,2026-04-11,Handbag,2103.43
CUST2486,T505416,2026-04-11,Kurti,2013.69
CUST2286,T767300,2026-04-12,Saree,4465.45
CUST2551,T865364,2026-04-12,Saree,4067.35
CUST2370,T373212,2026-04-12,Blazer,4282.35
CUST2728,T621148,2026-04-12,Belt,7185.66
CUST2364,T776621,2026-04-12,Handbag,4329.82
CUST2260,T476443,2026-04-12,Lawn Suit,8277.28
CUST2064,T411690,2026-04-12,Formal Shoes,2997.83
CUST2190,T478479,2026-04-12,Blazer,2649.27
CUST2603,T790616,2026-04-12,Lawn Suit,7596.53
CUST2438,T633753,2026-04-12,Cap,2936.36
CUST2117,T891936,2026-04-13,Watch,3232.62
CUST2166,T556120,2026-04-13,Dress,4280.72
CUST2163,T672177,2026-04-13,Handbag,3616.48
CUST2422,T875027,2026-04-13,Formal Shoes,6941.31
CUST2033,T684575,2026-04-13,Belt,2040.05
CUST2046,T241841,2026-04-13,Dress,7536.14
CUST2039,T556087,2026-04-13,Jeans,4606.71
CUST2242,T853248,2026-04-13,Sneakers,3841.35
CUST2616,T818496,2026-04-13,Cap,3003.77
CUST2276,T716627,2026-04-13,Cap,2730.81
CUST2787,T897397,2026-04-13,Sneakers,4020.07
CUST2023,T710429,2026-04-13,Lawn Suit,5714.49
CUST2767,T873763,2026-04-13,Cap,4113.51
CUST2752,T565169,2026-04-13,Blazer,4175.66
CUST2490,T141704,2026-04-13,Dress,4632.29
CUST2202,T152979,2026-04-13,Blazer,2929.71
CUST2160,T726400,2026-04-13,Belt,1613.7
CUST2658,T547066,2026-04-14,Saree,4106.55
CUST2282,T735438,2026-04-14,Jeans,6457.23
CUST2063,T670746,2026-04-14,Watch,6214.97
CUST2526,T745640,2026-04-14,Cap,2019.53
CUST2227,T584451,2026-04-14,Blazer,2351.03
CUST2256,T189864,2026-04-14,Jeans,6973.65
CUST2519,T152601,2026-04-14,Sneakers,2598.75
CUST2272,T589014,2026-04-14,Cap,3721.86
CUST2141,T253588,2026-04-14,Belt,2066.7
CUST2524,T691176,2026-04-14,Handbag,4343.7
CUST2509,T559632,2026-04-14,Formal Shoes,3511.24
CUST2522,T443305,2026-04-14,Dress,3725.6
CUST2505,T169336,2026-04-14,Saree,3516.05
CUST2358,T128393,2026-04-14,Belt,4111.29
CUST2369,T322291,2026-04-15,Saree,6632.75
CUST2760,T124533,2026-04-15,Belt,4856.79
CUST2571,T244233,2026-04-15,Belt,4256.52
CUST2584,T269077,2026-04-15,Saree,3487.06
CUST2432,T578674,2026-04-15,Kurti,2567.62
CUST2677,T267413,2026-04-15,Blazer,3211.09
CUST2720,T627068,2026-04-15,Saree,5200.01
CUST2774,T523501,2026-04-15,Watch,2495.51
CUST2337,T126346,2026-04-15,Dress,6825.91
CUST2308,T907715,2026-04-15,Blazer,7462.17
CUST2481,T521846,2026-04-15,Handbag,2800.27
CUST2159,T356211,2026-04-15,Kurti,8309.39
CUST2351,T820213,2026-04-15,Blazer,3862.93
CUST2287,T842424,2026-04-16,Saree,4332.57
CUST2756,T496037,2026-04-16,Lawn Suit,3785.49
CUST2192,T347360,2026-04-16,Cap,6801.51
CUST2154,T538952,2026-04-16,Cap,1711.66
CUST2109,T626230,2026-04-16,Cap,1667.96
CUST2020,T910151,2026-04-16,Sneakers,3843.01
CUST2404,T584956,2026-04-16,Dress,3437.2
CUST2185,T411604,2026-04-16,Handbag,8128.19
CUST2224,T952229,2026-04-16,Blazer,1838.32
CUST2659,T683621,2026-04-16,Belt,4997.46
CUST2482,T617075,2026-04-16,Jeans,3181.67
CUST2763,T868052,2026-04-16,Saree,8241.09
CUST2758,T569904,2026-04-16,Saree,4840.52
CUST2539,T489265,2026-04-16,Sneakers,3429.7
CUST2132,T329766,2026-04-16,Blazer,3808.78
CUST2131,T766079,2026-04-16,Watch,1736.05
CUST2383,T674125,2026-04-17,Belt,7615.8
CUST2341,T115715,2026-04-17,Handbag,2807.2
CUST2238,T779409,2026-04-17,Watch,4014.29
CUST2339,T836654,2026-04-17,Blazer,9825.74
CUST2693,T148827,2026-04-17,Jeans,6660.02
CUST2463,T809302,2026-04-17,Jeans,2549.39
CUST2521,T786474,2026-04-17,Sneakers,2554.49
CUST2456,T243544,2026-04-17,Sneakers,2527.7
CUST2065,T428815,2026-04-17,Blazer,3496.51
CUST2609,T669227,2026-04-17,Saree,2448.39
CUST2402,T255233,2026-04-17,Handbag,2797.1
CUST2156,T741771,2026-04-17,Kurti,3674.4
CUST2757,T906566,2026-04-17,Formal Shoes,2913.62
CUST2676,T889611,2026-04-17,Sneakers,3526.35
CUST2687,T484295,2026-04-17,Blazer,3341.14
CUST2086,T547339,2026-04-17,Handbag,3218.94
CUST2186,T560116,2026-04-17,Blazer,7734.96
CUST2090,T824348,2026-04-17,Sneakers,8702.1
CUST2671,T124030,2026-04-17,Sneakers,5141.99
CUST2385,T784739,2026-04-18,Sneakers,1318.46
CUST2614,T324379,2026-04-18,Formal Shoes,3030.48
CUST2193,T776051,2026-04-18,Kurti,4384.58
CUST2623,T886952,2026-04-18,Jeans,1801.81
CUST2397,T675014,2026-04-18,Kurti,10437.49
CUST2080,T840232,2026-04-18,Kurti,2092.69
CUST2187,T275614,2026-04-18,Handbag,8099.08
CUST2525,T471663,2026-04-18,Sneakers,2566.73
CUST2285,T580584,2026-04-18,Sneakers,3335.41
CUST2638,T777931,2026-04-18,Dress,3790.96
CUST2223,T400281,2026-04-18,Dress,1912.54
CUST2274,T639331,2026-04-18,Handbag,4968.62
CUST2632,T360124,2026-04-19,Kurti,6941.34
CUST2723,T985405,2026-04-19,Cap,8765.26
CUST2788,T866615,2026-04-19,Handbag,7849.86
CUST2761,T653565,2026-04-19,Saree,2155.63
CUST2697,T828999,2026-04-19,Jeans,2220.36
CUST2032,T332051,2026-04-19,Watch,3654.84
CUST2352,T428829,2026-04-19,Belt,3736.72
CUST2715,T988121,2026-04-19,Watch,4332.54
CUST2734,T457519,2026-04-19,Dress,3003.62
CUST2769,T950737,2026-04-19,Belt,3540.25
CUST2127,T332696,2026-04-19,Saree,3004.94
CUST2797,T421958,2026-04-19,Saree,4225.84
CUST2738,T276473,2026-04-19,Dress,2631.94
CUST2596,T366233,2026-04-19,Watch,5590.1
CUST2779,T622400,2026-04-20,Watch,4317.3
CUST2728,T541392,2026-04-20,Cap,3945.74
CUST2529,T181463,2026-04-20,Cap,3733.41
CUST2039,T865463,2026-04-20,Saree,8543.61
CUST2069,T388240,2026-04-20,Watch,4744.9
CUST2225,T764881,2026-04-20,Sneakers,7226.86
CUST2422,T926467,2026-04-21,Sneakers,6616.88
CUST2725,T295435,2026-04-21,Handbag,9194.78
CUST2148,T970887,2026-04-21,Watch,2089.31
CUST2365,T750299,2026-04-21,Jeans,2482.0
CUST2648,T760350,2026-04-21,Handbag,7918.01
CUST2497,T876612,2026-04-21,Belt,3876.34
CUST2606,T773706,2026-04-21,Watch,3999.73
CUST2661,T304101,2026-04-21,Blazer,3820.08
CUST2680,T321141,2026-04-21,Belt,3424.45
CUST2708,T525594,2026-04-21,Watch,7357.06
CUST2197,T222776,2026-04-21,Dress,3876.78
CUST2079,T409134,2026-04-21,Jeans,3675.5
CUST2495,T891229,2026-04-21,Belt,4341.93
CUST2192,T262776,2026-04-21,Sneakers,4047.1
CUST2272,T548257,2026-04-21,Jeans,3170.38
CUST2605,T140358,2026-04-21,Dress,1702.49
CUST2406,T153198,2026-04-21,Cap,4262.65
CUST2692,T699253,2026-04-21,Blazer,3688.66
CUST2175,T291139,2026-04-21,Handbag,3686.8
CUST2500,T994432,2026-04-22,Blazer,2032.09
CUST2547,T352068,2026-04-22,Kurti,1709.66
CUST2354,T136994,2026-04-22,Belt,3337.95
CUST2360,T411420,2026-04-22,Belt,3901.33
CUST2348,T875914,2026-04-22,Dress,1861.51
CUST2662,T931135,2026-04-22,Formal Shoes,4935.9
CUST2370,T377430,2026-04-22,Sneakers,4251.59
CUST2577,T531389,2026-04-22,Dress,3082.09
CUST2743,T971341,2026-04-22,Dress,8885.29
CUST2215,T632813,2026-04-22,Belt,4032.96
CUST2350,T960369,2026-04-22,Blazer,3236.47
CUST2098,T628472,2026-04-23,Cap,5472.98
CUST2426,T976853,2026-04-23,Formal Shoes,3940.26
CUST2326,T433355,2026-04-23,Sneakers,7653.77
CUST2171,T890371,2026-04-23,Saree,1903.97
CUST2636,T647150,2026-04-23,Belt,2206.28
CUST2450,T113185,2026-04-23,Formal Shoes,3405.48
CUST2321,T496297,2026-04-23,Handbag,7819.32
CUST2329,T761773,2026-04-23,Dress,5172.9
CUST2731,T964154,2026-04-23,Watch,4245.1
CUST2047,T260397,2026-04-23,Watch,3758.69
CUST2457,T156516,2026-04-23,Belt,4217.44
CUST2684,T489329,2026-04-23,Lawn Suit,5041.51
CUST2552,T492825,2026-04-23,Jeans,6052.85
CUST2433,T259486,2026-04-23,Belt,3965.23
CUST2755,T508516,2026-04-23,Cap,1523.34
CUST2188,T561770,2026-04-24,Dress,3659.16
CUST2096,T736696,2026-04-24,Lawn Suit,9612.49
CUST2290,T172772,2026-04-24,Sneakers,3907.85
CUST2088,T596200,2026-04-24,Dress,3863.84
CUST2338,T836686,2026-04-24,Dress,1547.18
CUST2260,T254212,2026-04-24,Blazer,7263.49
CUST2006,T210369,2026-04-24,Cap,6186.55
CUST2445,T971374,2026-04-24,Cap,2380.09
CUST2037,T204950,2026-04-24,Handbag,10499.6
CUST2264,T783564,2026-04-24,Belt,3267.2
CUST2782,T786508,2026-04-25,Cap,7214.86
CUST2413,T561164,2026-04-25,Dress,4373.68
CUST2363,T875412,2026-04-25,Saree,3122.0
CUST2362,T636208,2026-04-25,Kurti,3790.62
CUST2106,T537695,2026-04-25,Cap,2455.61
CUST2693,T853445,2026-04-25,Cap,7046.16
CUST2244,T458446,2026-04-25,Watch,7312.13
CUST2549,T330953,2026-04-25,Sneakers,6970.61
CUST2344,T171790,2026-04-25,Blazer,9880.64
CUST2174,T245966,2026-04-25,Watch,3681.76
CUST2647,T159833,2026-04-25,Handbag,2570.64
CUST2535,T428528,2026-04-25,Handbag,3021.33
CUST2582,T953543,2026-04-26,Watch,5255.48
CUST2497,T401496,2026-04-26,Jeans,2382.51
CUST2071,T850855,2026-04-26,Lawn Suit,3900.79
CUST2406,T850933,2026-04-26,Watch,3577.01
CUST2128,T631358,2026-04-26,Handbag,3797.64
CUST2424,T197629,2026-04-26,Saree,4384.8
CUST2736,T994755,2026-04-26,Handbag,3839.02
CUST2307,T435923,2026-04-26,Saree,2681.81
CUST2708,T928207,2026-04-26,Handbag,9646.29
CUST2351,T408379,2026-04-26,Blazer,6645.34
CUST2753,T655103,2026-04-26,Lawn Suit,6890.84
CUST2255,T958219,2026-04-26,Sneakers,3376.97
CUST2566,T811153,2026-04-26,Sneakers,2428.13
CUST2754,T405127,2026-04-26,Watch,7229.87
CUST2749,T553910,2026-04-27,Blazer,9389.64
CUST2378,T282684,2026-04-27,Saree,3173.21
CUST2099,T197294,2026-04-27,Dress,4799.48
CUST2093,T885141,2026-04-27,Belt,2902.3
CUST2493,T892006,2026-04-27,Sneakers,4662.25
CUST2142,T575357,2026-04-27,Belt,2114.2
CUST2191,T941367,2026-04-27,Saree,4289.89
CUST2212,T283825,2026-04-27,Cap,4944.32
CUST2227,T830454,2026-04-27,Sneakers,2107.73
CUST2512,T506052,2026-04-27,Dress,6390.02
CUST2564,T364256,2026-04-27,Lawn Suit,2453.42
CUST2028,T940264,2026-04-27,Cap,2673.27
CUST2728,T621613,2026-04-27,Formal Shoes,8672.22
CUST2747,T140662,2026-04-27,Blazer,6885.54
CUST2536,T168473,2026-04-27,Cap,7634.55
CUST2627,T451123,2026-04-27,Blazer,5179.13
CUST2020,T175483,2026-04-27,Dress,3512.85
CUST2103,T528937,2026-04-27,Cap,3002.28
CUST2420,T925250,2026-04-27,Blazer,2593.64
CUST2435,T888420,2026-04-28,Formal Shoes,5594.24
CUST2256,T632291,2026-04-28,Sneakers,6801.66
CUST2131,T129636,2026-04-28,Handbag,2463.17
CUST2204,T537727,2026-04-28,Formal Shoes,3736.11
CUST2750,T318381,2026-04-28,Cap,3390.01
CUST2308,T443877,2026-04-28,Handbag,8126.66
CUST2706,T744202,2026-04-28,Saree,3411.3
CUST2120,T644096,2026-04-28,Watch,9279.53
CUST2473,T691103,2026-04-28,Sneakers,3178.58
CUST2259,T507827,2026-04-28,Kurti,2360.93
CUST2777,T982385,2026-04-28,Handbag,3622.28
CUST2254,T871729,2026-04-29,Blazer,4335.78
CUST2265,T381652,2026-04-29,Blazer,7405.52
CUST2698,T895333,2026-04-29,Watch,2068.43
CUST2138,T103440,2026-04-29,Cap,3741.58
CUST2462,T247964,2026-04-29,Blazer,1744.91
CUST2246,T478243,2026-04-29,Blazer,3144.99
CUST2516,T623272,2026-04-29,Cap,7923.39
CUST2234,T381405,2026-04-29,Saree,8297.43
CUST2567,T569373,2026-04-29,Blazer,4289.55
CUST2276,T584922,2026-04-30,Blazer,5315.22
CUST2577,T917641,2026-04-30,Saree,2243.42
CUST2794,T275061,2026-04-30,Sneakers,8735.66
CUST2451,T613205,2026-04-30,Saree,1653.3
CUST2684,T695293,2026-04-30,Dress,3601.65
CUST2205,T615996,2026-04-30,Saree,4520.72
CUST2507,T382260,2026-04-30,Sneakers,3742.24
CUST2734,T353234,2026-05-01,Formal Shoes,5721.55
CUST2625,T558766,2026-05-01,Formal Shoes,3205.11
CUST2438,T680869,2026-05-01,Jeans,1844.65
CUST2263,T816593,2026-05-01,Formal Shoes,5457.02
CUST2752,T980429,2026-05-01,Dress,3270.38
CUST2054,T161609,2026-05-01,Sneakers,2495.28
CUST2470,T496092,2026-05-01,Handbag,5900.87
CUST2691,T662392,2026-05-01,Sneakers,6675.62
CUST2603,T495983,2026-05-01,Blazer,6370.67
CUST2539,T249854,2026-05-01,Kurti,3159.04
CUST2188,T503220,2026-05-01,Formal Shoes,2052.87
CUST2146,T484563,2026-05-01,Jeans,5105.64
CUST2301,T571964,2026-05-02,Saree,5085.99
CUST2022,T281011,2026-05-02,Kurti,1738.81
CUST2237,T557094,2026-05-02,Kurti,3319.0
CUST2644,T505866,2026-05-02,Watch,4081.03
CUST2129,T340175,2026-05-02,Blazer,4057.2
CUST2285,T772909,2026-05-02,Dress,4323.21
CUST2063,T128091,2026-05-02,Handbag,5523.58
CUST2021,T950686,2026-05-02,Kurti,7155.91
CUST2078,T749165,2026-05-02,Dress,1614.79
CUST2404,T107003,2026-05-02,Lawn Suit,5512.27
CUST2617,T754214,2026-05-02,Cap,6332.18
CUST2417,T984901,2026-05-02,Blazer,1371.9
CUST2616,T586142,2026-05-02,Kurti,2202.77
CUST2267,T894528,2026-05-02,Blazer,2940.12
CUST2659,T239038,2026-05-03,Cap,8217.07
CUST2767,T750834,2026-05-03,Saree,4372.79
CUST2293,T448831,2026-05-03,Lawn Suit,2068.39
CUST2317,T951179,2026-05-03,Kurti,3070.84
CUST2584,T349613,2026-05-03,Sneakers,8139.79
CUST2787,T499321,2026-05-03,Lawn Suit,7173.57
CUST2039,T637538,2026-05-04,Watch,6902.83
CUST2102,T587585,2026-05-04,Handbag,2261.47
CUST2274,T902360,2026-05-04,Lawn Suit,2753.53
CUST2132,T414082,2026-05-04,Sneakers,2447.99
CUST2060,T667567,2026-05-04,Cap,3666.99
CUST2400,T658186,2026-05-04,Saree,2816.89
CUST2369,T569185,2026-05-04,Sneakers,7518.03
CUST2422,T347655,2026-05-04,Handbag,3214.63
CUST2528,T191382,2026-05-04,Lawn Suit,2266.52
CUST2196,T639848,2026-05-04,Handbag,5471.33
CUST2769,T530807,2026-05-05,Blazer,3317.24
CUST2676,T261574,2026-05-05,Formal Shoes,6220.09
CUST2785,T265615,2026-05-05,Blazer,5757.88
CUST2672,T732621,2026-05-05,Sneakers,8722.19
CUST2736,T364657,2026-05-05,Blazer,3347.09
CUST2518,T665931,2026-05-05,Lawn Suit,3285.97
CUST2424,T584108,2026-05-05,Belt,7862.3
CUST2473,T299664,2026-05-05,Blazer,4090.11
CUST2291,T428949,2026-05-05,Watch,3209.81
CUST2087,T479079,2026-05-05,Blazer,3016.2
CUST2729,T456159,2026-05-05,Sneakers,1907.75
CUST2059,T987651,2026-05-05,Handbag,2980.2
CUST2355,T731097,2026-05-06,Belt,9405.23
CUST2197,T455263,2026-05-06,Lawn Suit,3024.98
CUST2156,T636084,2026-05-06,Formal Shoes,1904.75
CUST2571,T394293,2026-05-06,Handbag,6662.85
CUST2711,T349852,2026-05-06,Belt,9685.88
CUST2024,T368058,2026-05-06,Formal Shoes,7139.96
CUST2365,T113454,2026-05-06,Formal Shoes,4670.25
CUST2484,T792858,2026-05-07,Formal Shoes,2590.29
CUST2530,T339910,2026-05-07,Kurti,3785.36
CUST2640,T872575,2026-05-07,Lawn Suit,3104.73
CUST2093,T686370,2026-05-07,Sneakers,3495.01
CUST2047,T478150,2026-05-07,Watch,3127.68
CUST2561,T817595,2026-05-07,Cap,6278.15
CUST2456,T757112,2026-05-07,Sneakers,1931.93
CUST2028,T896738,2026-05-07,Lawn Suit,3056.52
CUST2241,T244754,2026-05-07,Belt,3411.35
CUST2735,T620869,2026-05-07,Handbag,1558.54
CUST2144,T546022,2026-05-07,Belt,2138.61
CUST2444,T769126,2026-05-07,Lawn Suit,3621.7
CUST2341,T323877,2026-05-07,Blazer,3827.25
CUST2054,T420970,2026-05-08,Dress,1737.95
CUST2553,T870562,2026-05-08,Jeans,9172.23
CUST2329,T746568,2026-05-08,Sneakers,8573.71
CUST2117,T292340,2026-05-08,Cap,4130.13
CUST2420,T347681,2026-05-08,Blazer,4237.21
CUST2299,T807577,2026-05-08,Watch,3139.72
CUST2105,T343218,2026-05-08,Formal Shoes,3670.69
CUST2793,T315402,2026-05-08,Sneakers,3957.34
CUST2235,T713308,2026-05-08,Cap,5044.06
CUST2293,T919844,2026-05-08,Formal Shoes,1742.97
CUST2761,T610874,2026-05-08,Watch,2866.9
CUST2535,T540823,2026-05-08,Dress,2597.28
CUST2716,T239176,2026-05-08,Lawn Suit,2575.33
CUST2550,T583673,2026-05-08,Lawn Suit,2670.25
CUST2123,T924803,2026-05-09,Handbag,1942.59
CUST2069,T263149,2026-05-09,Blazer,1873.68
CUST2709,T443902,2026-05-09,Lawn Suit,3930.43
CUST2794,T525229,2026-05-09,Dress,6451.39
CUST2037,T289897,2026-05-09,Cap,8409.55
CUST2549,T792447,2026-05-09,Belt,5714.56
CUST2148,T262729,2026-05-10,Blazer,2871.59
CUST2118,T715078,2026-05-10,Kurti,3779.93
CUST2505,T434795,2026-05-10,Dress,5197.2
CUST2617,T395948,2026-05-10,Belt,8942.23
CUST2704,T668255,2026-05-10,Dress,4029.17
CUST2682,T568258,2026-05-10,Lawn Suit,3518.29
CUST2003,T463886,2026-05-10,Formal Shoes,3221.42
CUST2787,T498160,2026-05-11,Belt,9549.55
CUST2099,T137464,2026-05-11,Saree,4230.82
CUST2237,T541497,2026-05-11,Watch,1804.72
CUST2557,T397341,2026-05-11,Dress,6793.74
CUST2688,T597294,2026-05-11,Handbag,3210.73
CUST2738,T170690,2026-05-11,Sneakers,2633.54
CUST2781,T191743,2026-05-11,Kurti,3836.14
CUST2714,T972536,2026-05-11,Belt,3416.12
CUST2067,T649422,2026-05-12,Belt,4649.21
CUST2717,T792962,2026-05-12,Belt,3681.76
CUST2371,T435131,2026-05-12,Handbag,5581.74
CUST2760,T875671,2026-05-12,Sneakers,2612.32
CUST2560,T367112,2026-05-12,Watch,2256.95
CUST2677,T154296,2026-05-12,Watch,4263.23
CUST2242,T387317,2026-05-12,Formal Shoes,3681.04
CUST2691,T813701,2026-05-12,Blazer,9120.34
CUST2183,T480176,2026-05-12,Lawn Suit,4205.24
CUST2490,T103927,2026-05-13,Cap,2722.83
CUST2609,T873340,2026-05-13,Saree,2521.43
CUST2317,T258928,2026-05-13,Belt,4118.66
CUST2163,T731998,2026-05-13,Jeans,4801.41
CUST2363,T468171,2026-05-13,Handbag,4010.45
CUST2426,T766256,2026-05-14,Lawn Suit,4165.13
CUST2753,T412796,2026-05-14,Blazer,6344.1
CUST2078,T477702,2026-05-14,Blazer,1866.15
CUST2218,T294962,2026-05-14,Formal Shoes,6072.45
CUST2164,T852072,2026-05-14,Sneakers,4232.28
CUST2192,T846631,2026-05-14,Formal Shoes,4554.48
CUST2651,T627813,2026-05-14,Dress,4004.92
CUST2262,T586247,2026-05-14,Cap,3783.3
CUST2665,T919564,2026-05-14,Lawn Suit,2105.09
CUST2577,T271436,2026-05-15,Saree,3647.25
CUST2362,T771621,2026-05-15,Blazer,2061.21
CUST2752,T335343,2026-05-15,Lawn Suit,2774.31
CUST2341,T686994,2026-05-15,Dress,2122.03
CUST2436,T671455,2026-05-15,Watch,4634.59
CUST2040,T253042,2026-05-15,Handbag,4162.35
CUST2468,T671351,2026-05-15,Saree,3930.39
CUST2036,T630605,2026-05-16,Cap,2581.86
CUST2750,T457196,2026-05-16,Handbag,4128.06
CUST2156,T919749,2026-05-16,Watch,3494.89
CUST2554,T541145,2026-05-16,Watch,4563.18
CUST2519,T101551,2026-05-16,Handbag,1780.94
CUST2417,T987814,2026-05-16,Handbag,2420.01
CUST2774,T530927,2026-05-16,Handbag,3836.07
CUST2364,T914750,2026-05-16,Watch,1933.72
CUST2593,T394406,2026-05-16,Saree,1955.13
CUST2728,T695151,2026-05-17,Formal Shoes,6227.94
CUST2209,T662479,2026-05-17,Formal Shoes,5779.56
CUST2754,T794109,2026-05-17,Belt,6109.01
CUST2767,T996408,2026-05-17,Saree,2012.25
CUST2260,T582279,2026-05-17,Formal Shoes,5872.19
CUST2648,T912618,2026-05-17,Handbag,5785.56
CUST2196,T178714,2026-05-17,Lawn Suit,4769.52
CUST2431,T756464,2026-05-17,Watch,5804.31
CUST2263,T319355,2026-05-17,Formal Shoes,9128.13
CUST2120,T184734,2026-05-17,Blazer,6022.52
CUST2647,T682875,2026-05-17,Jeans,2237.37
CUST2422,T814188,2026-05-17,Watch,4067.79
CUST2129,T889183,2026-05-17,Lawn Suit,2717.62
CUST2380,T467258,2026-05-17,Kurti,8649.85
CUST2285,T975355,2026-05-17,Sneakers,2373.3
CUST2500,T989514,2026-05-17,Handbag,2000.62
CUST2738,T492578,2026-05-17,Lawn Suit,1799.92
CUST2159,T205129,2026-05-18,Saree,3251.78
CUST2187,T729264,2026-05-18,Jeans,3892.23
CUST2575,T621690,2026-05-18,Kurti,6484.53
CUST2079,T792775,2026-05-18,Saree,4112.46
CUST2512,T628074,2026-05-18,Watch,4855.6
CUST2659,T598936,2026-05-18,Watch,4838.87
CUST2582,T703414,2026-05-18,Kurti,5473.89
CUST2335,T416952,2026-05-18,Dress,1794.64
CUST2383,T683184,2026-05-18,Saree,7034.51
CUST2066,T803209,2026-05-18,Handbag,3323.28
CUST2397,T212145,2026-05-18,Lawn Suit,7133.5
CUST2096,T875143,2026-05-18,Blazer,7023.03
CUST2794,T540962,2026-05-18,Belt,7101.28
CUST2371,T725674,2026-05-18,Saree,4461.6
CUST2680,T633731,2026-05-18,Jeans,5725.09
CUST2640,T113399,2026-05-18,Watch,2559.86
CUST2128,T423521,2026-05-18,Lawn Suit,8803.49
CUST2212,T634781,2026-05-19,Blazer,5839.47
CUST2163,T868800,2026-05-19,Dress,6832.54
CUST2707,T892702,2026-05-19,Cap,4583.71
CUST2249,T422063,2026-05-19,Kurti,3482.56
CUST2549,T421840,2026-05-19,Handbag,6456.69
CUST2281,T976397,2026-05-19,Watch,3303.36
CUST2739,T810606,2026-05-19,Jeans,5553.58
CUST2099,T863533,2026-05-19,Handbag,6942.93
CUST2287,T744690,2026-05-19,Cap,4313.99
CUST2791,T771020,2026-05-19,Dress,4849.08
CUST2256,T443923,2026-05-19,Formal Shoes,5198.71
CUST2663,T120533,2026-05-19,Handbag,3519.31
CUST2684,T496010,2026-05-19,Saree,7471.61
CUST2046,T836268,2026-05-20,Kurti,7234.42
CUST2552,T917996,2026-05-20,Formal Shoes,7621.8
CUST2561,T645419,2026-05-20,Handbag,3852.31
CUST2238,T409373,2026-05-20,Sneakers,4245.67
CUST2733,T983349,2026-05-20,Formal Shoes,5467.31
CUST2563,T715125,2026-05-20,Watch,4239.74
CUST2596,T548873,2026-05-20,Watch,9197.7
CUST2329,T563178,2026-05-20,Kurti,9975.26
CUST2402,T227213,2026-05-20,Belt,4280.1
CUST2604,T622878,2026-05-20,Formal Shoes,6747.26
CUST2098,T223264,2026-05-20,Lawn Suit,7054.41
CUST2498,T310240,2026-05-20,Lawn Suit,4150.88
CUST2632,T370312,2026-05-20,Cap,7103.15
CUST2711,T624983,2026-05-21,Blazer,6759.62
CUST2064,T787043,2026-05-21,Belt,4428.63
CUST2032,T241414,2026-05-21,Saree,7249.5
CUST2400,T202200,2026-05-21,Watch,3758.35
CUST2593,T506775,2026-05-21,Formal Shoes,2237.27
CUST2672,T275403,2026-05-21,Kurti,5568.27
CUST2024,T772179,2026-05-21,Saree,7872.15
CUST2720,T602519,2026-05-21,Cap,8619.72
CUST2055,T940341,2026-05-21,Watch,8935.58
CUST2779,T232741,2026-05-21,Sneakers,8559.67
CUST2259,T379658,2026-05-21,Lawn Suit,2213.23
CUST2588,T788161,2026-05-21,Cap,4053.49
CUST2787,T802041,2026-05-21,Saree,5718.35
CUST2478,T675647,2026-05-21,Blazer,2621.72
CUST2255,T249364,2026-05-21,Formal Shoes,3830.57
CUST2339,T777373,2026-05-21,Kurti,5659.06
CUST2617,T803213,2026-05-21,Watch,4531.91
CUST2235,T604611,2026-05-21,Sneakers,7067.39
CUST2603,T295337,2026-05-22,Handbag,10282.74
CUST2354,T284004,2026-05-22,Lawn Suit,4719.01
CUST2424,T938007,2026-05-22,Formal Shoes,4240.38
CUST2318,T572144,2026-05-22,Kurti,7286.71
CUST2063,T300194,2026-05-22,Blazer,5500.47
CUST2244,T579908,2026-05-22,Kurti,5093.83
CUST2321,T221019,2026-05-22,Dress,3318.16
CUST2023,T577477,2026-05-22,Lawn Suit,7300.95
CUST2435,T315658,2026-05-22,Saree,9287.56
CUST2395,T726280,2026-05-22,Handbag,5425.64
CUST2328,T359689,2026-05-22,Saree,4845.35
CUST2074,T264217,2026-05-23,Saree,8065.21
CUST2788,T426551,2026-05-23,Blazer,5984.93
CUST2290,T750012,2026-05-23,Watch,2557.61
CUST2174,T190614,2026-05-24,Kurti,7475.03
CUST2325,T227511,2026-05-24,Formal Shoes,7141.76
CUST2120,T142163,2026-05-24,Saree,7265.92
CUST2265,T711349,2026-05-24,Handbag,7155.21
CUST2753,T940073,2026-05-24,Saree,4966.4
CUST2185,T928645,2026-05-24,Sneakers,6754.7
CUST2553,T537508,2026-05-24,Saree,5510.35
CUST2225,T558443,2026-05-24,Blazer,5143.63
CUST2146,T289533,2026-05-24,Formal Shoes,6280.66
CUST2625,T622246,2026-05-25,Jeans,4063.79
CUST2337,T223111,2026-05-25,Belt,5047.18
CUST2691,T136355,2026-05-26,Belt,3428.04
CUST2369,T688545,2026-05-26,Lawn Suit,6437.12
CUST2629,T403282,2026-05-26,Kurti,2889.93
CUST2112,T906931,2026-05-26,Saree,8200.09
CUST2186,T400851,2026-05-26,Belt,6024.64
CUST2470,T125300,2026-05-26,Handbag,7745.71
CUST2557,T913962,2026-05-26,Watch,8385.61
CUST2495,T866382,2026-05-26,Formal Shoes,3365.21
CUST2785,T740071,2026-05-27,Belt,5539.76
CUST2552,T723533,2026-05-27,Blazer,4601.69
CUST2758,T253618,2026-05-27,Sneakers,8673.31
CUST2516,T213789,2026-05-27,Jeans,7747.58
CUST2326,T673327,2026-05-27,Blazer,6802.56
CUST2218,T187415,2026-05-27,Saree,7381.59
CUST2090,T142904,2026-05-27,Jeans,9046.07
CUST2775,T510442,2026-05-27,Blazer,6335.03
CUST2282,T402238,2026-05-28,Formal Shoes,7775.15
CUST2662,T110472,2026-05-28,Belt,6055.36
CUST2404,T261650,2026-05-28,Kurti,6527.97
CUST2720,T269979,2026-05-28,Dress,6277.78
CUST2571,T437352,2026-05-28,Watch,6287.54
CUST2708,T448974,2026-05-28,Sneakers,9020.95
CUST2763,T141631,2026-05-28,Kurti,4560.33
CUST2559,T165220,2026-05-28,Lawn Suit,9376.9
CUST2329,T628070,2026-05-28,Cap,5642.34
CUST2694,T262925,2026-05-28,Kurti,7994.22
CUST2146,T477246,2026-05-29,Lawn Suit,8035.28
CUST2194,T467421,2026-05-29,Watch,7440.64
CUST2782,T581527,2026-05-29,Jeans,8411.18
CUST2276,T963403,2026-05-29,Sneakers,8118.66
CUST2725,T323225,2026-05-29,Blazer,4156.2
CUST2584,T504520,2026-05-29,Handbag,4197.04
CUST2734,T997776,2026-05-29,Kurti,3368.53
CUST2693,T644838,2026-05-29,Jeans,6138.56
CUST2114,T876925,2026-05-29,Saree,4245.93
CUST2355,T788184,2026-05-30,Belt,8590.13
CUST2055,T532349,2026-05-30,Handbag,6455.33
CUST2079,T941652,2026-05-30,Jeans,4243.42
CUST2205,T315707,2026-05-30,Saree,9027.26
CUST2246,T575708,2026-05-30,Cap,6154.9
CUST2743,T783113,2026-05-30,Saree,6260.92
CUST2039,T867639,2026-05-30,Dress,4062.25
CUST2179,T471470,2026-05-30,Kurti,6045.63
CUST2037,T393547,2026-05-31,Cap,5812.64
CUST2614,T443178,2026-05-31,Saree,6054.97
CUST2052,T995476,2026-05-31,Sneakers,6421.99
CUST2402,T457469,2026-05-31,Blazer,7654.35
CUST2723,T718022,2026-05-31,Sneakers,3262.89
CUST2352,T122609,2026-06-01,Kurti,3691.33
CUST2290,T153841,2026-06-01,Sneakers,5778.11
CUST2747,T875192,2026-06-01,Handbag,4381.42
CUST2554,T460491,2026-06-01,Kurti,5111.55
CUST2531,T594150,2026-06-01,Watch,5921.31
CUST2344,T626459,2026-06-01,Kurti,7838.51
CUST2192,T786406,2026-06-01,Saree,6180.31
CUST2756,T593769,2026-06-01,Watch,7901.91
CUST2369,T856657,2026-06-01,Dress,3435.75
CUST2351,T111093,2026-06-02,Belt,6785.65
CUST2632,T194452,2026-06-02,Blazer,4556.82
CUST2370,T434192,2026-06-02,Sneakers,8099.54
CUST2431,T515400,2026-06-02,Blazer,7887.04
CUST2671,T283702,2026-06-02,Cap,5263.97
CUST2328,T748201,2026-06-02,Kurti,6066.0
CUST2264,T829286,2026-06-02,Cap,3959.86
CUST2006,T925439,2026-06-03,Formal Shoes,8332.33
CUST2308,T765657,2026-06-03,Lawn Suit,8852.07
CUST2676,T967744,2026-06-03,Cap,4178.66
CUST2749,T386225,2026-06-03,Blazer,4637.42
CUST2262,T840553,2026-06-04,Sneakers,3095.1
CUST2117,T808072,2026-06-04,Sneakers,5504.26
CUST2684,T635978,2026-06-04,Lawn Suit,8253.79
CUST2439,T322233,2026-06-04,Cap,3749.03
CUST2234,T315588,2026-06-04,Kurti,5675.83
CUST2627,T954977,2026-06-04,Sneakers,7457.46
CUST2536,T639737,2026-06-04,Saree,3959.89
CUST2354,T858728,2026-06-04,Jeans,5194.06
CUST2067,T651290,2026-06-04,Handbag,6841.43
CUST2763,T961225,2026-06-04,Formal Shoes,6820.46
CUST2021,T428209,2026-06-04,Watch,7647.63
CUST2246,T869914,2026-06-04,Belt,3725.94
